--
-- PostgreSQL database dump
--

-- Dumped from database version 16.0 (Debian 16.0-1.pgdg120+1)
-- Dumped by pg_dump version 16.0 (Debian 16.0-1.pgdg120+1)

SET statement_timeout = 0;
SET lock_timeout = 0;
SET idle_in_transaction_session_timeout = 0;
SET client_encoding = 'UTF8';
SET standard_conforming_strings = on;
SELECT pg_catalog.set_config('search_path', '', false);
SET check_function_bodies = false;
SET xmloption = content;
SET client_min_messages = warning;
SET row_security = off;

SET default_tablespace = '';

SET default_table_access_method = heap;

--
-- Name: accounts_user; Type: TABLE; Schema: public; Owner: postgres
--

CREATE TABLE public.accounts_user (
    id bigint NOT NULL,
    password character varying(128) NOT NULL,
    last_login timestamp with time zone,
    is_superuser boolean NOT NULL,
    username character varying(150) NOT NULL,
    first_name character varying(100) NOT NULL,
    last_name character varying(100) NOT NULL,
    date_joined timestamp with time zone NOT NULL,
    mobile_number character varying(15) NOT NULL,
    email character varying(254) NOT NULL,
    is_active boolean NOT NULL,
    is_admin boolean NOT NULL,
    role character varying(10) NOT NULL,
    is_staff boolean NOT NULL
);


ALTER TABLE public.accounts_user OWNER TO postgres;

--
-- Name: accounts_user_groups; Type: TABLE; Schema: public; Owner: postgres
--

CREATE TABLE public.accounts_user_groups (
    id bigint NOT NULL,
    user_id bigint NOT NULL,
    group_id integer NOT NULL
);


ALTER TABLE public.accounts_user_groups OWNER TO postgres;

--
-- Name: accounts_user_groups_id_seq; Type: SEQUENCE; Schema: public; Owner: postgres
--

ALTER TABLE public.accounts_user_groups ALTER COLUMN id ADD GENERATED BY DEFAULT AS IDENTITY (
    SEQUENCE NAME public.accounts_user_groups_id_seq
    START WITH 1
    INCREMENT BY 1
    NO MINVALUE
    NO MAXVALUE
    CACHE 1
);


--
-- Name: accounts_user_id_seq; Type: SEQUENCE; Schema: public; Owner: postgres
--

ALTER TABLE public.accounts_user ALTER COLUMN id ADD GENERATED BY DEFAULT AS IDENTITY (
    SEQUENCE NAME public.accounts_user_id_seq
    START WITH 1
    INCREMENT BY 1
    NO MINVALUE
    NO MAXVALUE
    CACHE 1
);


--
-- Name: accounts_user_user_permissions; Type: TABLE; Schema: public; Owner: postgres
--

CREATE TABLE public.accounts_user_user_permissions (
    id bigint NOT NULL,
    user_id bigint NOT NULL,
    permission_id integer NOT NULL
);


ALTER TABLE public.accounts_user_user_permissions OWNER TO postgres;

--
-- Name: accounts_user_user_permissions_id_seq; Type: SEQUENCE; Schema: public; Owner: postgres
--

ALTER TABLE public.accounts_user_user_permissions ALTER COLUMN id ADD GENERATED BY DEFAULT AS IDENTITY (
    SEQUENCE NAME public.accounts_user_user_permissions_id_seq
    START WITH 1
    INCREMENT BY 1
    NO MINVALUE
    NO MAXVALUE
    CACHE 1
);


--
-- Name: auth_group; Type: TABLE; Schema: public; Owner: postgres
--

CREATE TABLE public.auth_group (
    id integer NOT NULL,
    name character varying(150) NOT NULL
);


ALTER TABLE public.auth_group OWNER TO postgres;

--
-- Name: auth_group_id_seq; Type: SEQUENCE; Schema: public; Owner: postgres
--

ALTER TABLE public.auth_group ALTER COLUMN id ADD GENERATED BY DEFAULT AS IDENTITY (
    SEQUENCE NAME public.auth_group_id_seq
    START WITH 1
    INCREMENT BY 1
    NO MINVALUE
    NO MAXVALUE
    CACHE 1
);


--
-- Name: auth_group_permissions; Type: TABLE; Schema: public; Owner: postgres
--

CREATE TABLE public.auth_group_permissions (
    id bigint NOT NULL,
    group_id integer NOT NULL,
    permission_id integer NOT NULL
);


ALTER TABLE public.auth_group_permissions OWNER TO postgres;

--
-- Name: auth_group_permissions_id_seq; Type: SEQUENCE; Schema: public; Owner: postgres
--

ALTER TABLE public.auth_group_permissions ALTER COLUMN id ADD GENERATED BY DEFAULT AS IDENTITY (
    SEQUENCE NAME public.auth_group_permissions_id_seq
    START WITH 1
    INCREMENT BY 1
    NO MINVALUE
    NO MAXVALUE
    CACHE 1
);


--
-- Name: auth_permission; Type: TABLE; Schema: public; Owner: postgres
--

CREATE TABLE public.auth_permission (
    id integer NOT NULL,
    name character varying(255) NOT NULL,
    content_type_id integer NOT NULL,
    codename character varying(100) NOT NULL
);


ALTER TABLE public.auth_permission OWNER TO postgres;

--
-- Name: auth_permission_id_seq; Type: SEQUENCE; Schema: public; Owner: postgres
--

ALTER TABLE public.auth_permission ALTER COLUMN id ADD GENERATED BY DEFAULT AS IDENTITY (
    SEQUENCE NAME public.auth_permission_id_seq
    START WITH 1
    INCREMENT BY 1
    NO MINVALUE
    NO MAXVALUE
    CACHE 1
);


--
-- Name: django_admin_log; Type: TABLE; Schema: public; Owner: postgres
--

CREATE TABLE public.django_admin_log (
    id integer NOT NULL,
    action_time timestamp with time zone NOT NULL,
    object_id text,
    object_repr character varying(200) NOT NULL,
    action_flag smallint NOT NULL,
    change_message text NOT NULL,
    content_type_id integer,
    user_id bigint NOT NULL,
    CONSTRAINT django_admin_log_action_flag_check CHECK ((action_flag >= 0))
);


ALTER TABLE public.django_admin_log OWNER TO postgres;

--
-- Name: django_admin_log_id_seq; Type: SEQUENCE; Schema: public; Owner: postgres
--

ALTER TABLE public.django_admin_log ALTER COLUMN id ADD GENERATED BY DEFAULT AS IDENTITY (
    SEQUENCE NAME public.django_admin_log_id_seq
    START WITH 1
    INCREMENT BY 1
    NO MINVALUE
    NO MAXVALUE
    CACHE 1
);


--
-- Name: django_celery_beat_clockedschedule; Type: TABLE; Schema: public; Owner: postgres
--

CREATE TABLE public.django_celery_beat_clockedschedule (
    id integer NOT NULL,
    clocked_time timestamp with time zone NOT NULL
);


ALTER TABLE public.django_celery_beat_clockedschedule OWNER TO postgres;

--
-- Name: django_celery_beat_clockedschedule_id_seq; Type: SEQUENCE; Schema: public; Owner: postgres
--

ALTER TABLE public.django_celery_beat_clockedschedule ALTER COLUMN id ADD GENERATED BY DEFAULT AS IDENTITY (
    SEQUENCE NAME public.django_celery_beat_clockedschedule_id_seq
    START WITH 1
    INCREMENT BY 1
    NO MINVALUE
    NO MAXVALUE
    CACHE 1
);


--
-- Name: django_celery_beat_crontabschedule; Type: TABLE; Schema: public; Owner: postgres
--

CREATE TABLE public.django_celery_beat_crontabschedule (
    id integer NOT NULL,
    minute character varying(240) NOT NULL,
    hour character varying(96) NOT NULL,
    day_of_week character varying(64) NOT NULL,
    day_of_month character varying(124) NOT NULL,
    month_of_year character varying(64) NOT NULL,
    timezone character varying(63) NOT NULL
);


ALTER TABLE public.django_celery_beat_crontabschedule OWNER TO postgres;

--
-- Name: django_celery_beat_crontabschedule_id_seq; Type: SEQUENCE; Schema: public; Owner: postgres
--

ALTER TABLE public.django_celery_beat_crontabschedule ALTER COLUMN id ADD GENERATED BY DEFAULT AS IDENTITY (
    SEQUENCE NAME public.django_celery_beat_crontabschedule_id_seq
    START WITH 1
    INCREMENT BY 1
    NO MINVALUE
    NO MAXVALUE
    CACHE 1
);


--
-- Name: django_celery_beat_intervalschedule; Type: TABLE; Schema: public; Owner: postgres
--

CREATE TABLE public.django_celery_beat_intervalschedule (
    id integer NOT NULL,
    every integer NOT NULL,
    period character varying(24) NOT NULL
);


ALTER TABLE public.django_celery_beat_intervalschedule OWNER TO postgres;

--
-- Name: django_celery_beat_intervalschedule_id_seq; Type: SEQUENCE; Schema: public; Owner: postgres
--

ALTER TABLE public.django_celery_beat_intervalschedule ALTER COLUMN id ADD GENERATED BY DEFAULT AS IDENTITY (
    SEQUENCE NAME public.django_celery_beat_intervalschedule_id_seq
    START WITH 1
    INCREMENT BY 1
    NO MINVALUE
    NO MAXVALUE
    CACHE 1
);


--
-- Name: django_celery_beat_periodictask; Type: TABLE; Schema: public; Owner: postgres
--

CREATE TABLE public.django_celery_beat_periodictask (
    id integer NOT NULL,
    name character varying(200) NOT NULL,
    task character varying(200) NOT NULL,
    args text NOT NULL,
    kwargs text NOT NULL,
    queue character varying(200),
    exchange character varying(200),
    routing_key character varying(200),
    expires timestamp with time zone,
    enabled boolean NOT NULL,
    last_run_at timestamp with time zone,
    total_run_count integer NOT NULL,
    date_changed timestamp with time zone NOT NULL,
    description text NOT NULL,
    crontab_id integer,
    interval_id integer,
    solar_id integer,
    one_off boolean NOT NULL,
    start_time timestamp with time zone,
    priority integer,
    headers text NOT NULL,
    clocked_id integer,
    expire_seconds integer,
    CONSTRAINT django_celery_beat_periodictask_expire_seconds_check CHECK ((expire_seconds >= 0)),
    CONSTRAINT django_celery_beat_periodictask_priority_check CHECK ((priority >= 0)),
    CONSTRAINT django_celery_beat_periodictask_total_run_count_check CHECK ((total_run_count >= 0))
);


ALTER TABLE public.django_celery_beat_periodictask OWNER TO postgres;

--
-- Name: django_celery_beat_periodictask_id_seq; Type: SEQUENCE; Schema: public; Owner: postgres
--

ALTER TABLE public.django_celery_beat_periodictask ALTER COLUMN id ADD GENERATED BY DEFAULT AS IDENTITY (
    SEQUENCE NAME public.django_celery_beat_periodictask_id_seq
    START WITH 1
    INCREMENT BY 1
    NO MINVALUE
    NO MAXVALUE
    CACHE 1
);


--
-- Name: django_celery_beat_periodictasks; Type: TABLE; Schema: public; Owner: postgres
--

CREATE TABLE public.django_celery_beat_periodictasks (
    ident smallint NOT NULL,
    last_update timestamp with time zone NOT NULL
);


ALTER TABLE public.django_celery_beat_periodictasks OWNER TO postgres;

--
-- Name: django_celery_beat_solarschedule; Type: TABLE; Schema: public; Owner: postgres
--

CREATE TABLE public.django_celery_beat_solarschedule (
    id integer NOT NULL,
    event character varying(24) NOT NULL,
    latitude numeric(9,6) NOT NULL,
    longitude numeric(9,6) NOT NULL
);


ALTER TABLE public.django_celery_beat_solarschedule OWNER TO postgres;

--
-- Name: django_celery_beat_solarschedule_id_seq; Type: SEQUENCE; Schema: public; Owner: postgres
--

ALTER TABLE public.django_celery_beat_solarschedule ALTER COLUMN id ADD GENERATED BY DEFAULT AS IDENTITY (
    SEQUENCE NAME public.django_celery_beat_solarschedule_id_seq
    START WITH 1
    INCREMENT BY 1
    NO MINVALUE
    NO MAXVALUE
    CACHE 1
);


--
-- Name: django_content_type; Type: TABLE; Schema: public; Owner: postgres
--

CREATE TABLE public.django_content_type (
    id integer NOT NULL,
    app_label character varying(100) NOT NULL,
    model character varying(100) NOT NULL
);


ALTER TABLE public.django_content_type OWNER TO postgres;

--
-- Name: django_content_type_id_seq; Type: SEQUENCE; Schema: public; Owner: postgres
--

ALTER TABLE public.django_content_type ALTER COLUMN id ADD GENERATED BY DEFAULT AS IDENTITY (
    SEQUENCE NAME public.django_content_type_id_seq
    START WITH 1
    INCREMENT BY 1
    NO MINVALUE
    NO MAXVALUE
    CACHE 1
);


--
-- Name: django_migrations; Type: TABLE; Schema: public; Owner: postgres
--

CREATE TABLE public.django_migrations (
    id bigint NOT NULL,
    app character varying(255) NOT NULL,
    name character varying(255) NOT NULL,
    applied timestamp with time zone NOT NULL
);


ALTER TABLE public.django_migrations OWNER TO postgres;

--
-- Name: django_migrations_id_seq; Type: SEQUENCE; Schema: public; Owner: postgres
--

ALTER TABLE public.django_migrations ALTER COLUMN id ADD GENERATED BY DEFAULT AS IDENTITY (
    SEQUENCE NAME public.django_migrations_id_seq
    START WITH 1
    INCREMENT BY 1
    NO MINVALUE
    NO MAXVALUE
    CACHE 1
);


--
-- Name: django_session; Type: TABLE; Schema: public; Owner: postgres
--

CREATE TABLE public.django_session (
    session_key character varying(40) NOT NULL,
    session_data text NOT NULL,
    expire_date timestamp with time zone NOT NULL
);


ALTER TABLE public.django_session OWNER TO postgres;

--
-- Name: profiles_patientprofile; Type: TABLE; Schema: public; Owner: postgres
--

CREATE TABLE public.profiles_patientprofile (
    id bigint NOT NULL,
    profile_image character varying(100),
    conversation_summary text,
    created_at timestamp with time zone NOT NULL,
    updated_at timestamp with time zone NOT NULL,
    user_id bigint NOT NULL
);


ALTER TABLE public.profiles_patientprofile OWNER TO postgres;

--
-- Name: profiles_patientprofile_id_seq; Type: SEQUENCE; Schema: public; Owner: postgres
--

ALTER TABLE public.profiles_patientprofile ALTER COLUMN id ADD GENERATED BY DEFAULT AS IDENTITY (
    SEQUENCE NAME public.profiles_patientprofile_id_seq
    START WITH 1
    INCREMENT BY 1
    NO MINVALUE
    NO MAXVALUE
    CACHE 1
);


--
-- Name: profiles_psychologicalissue; Type: TABLE; Schema: public; Owner: postgres
--

CREATE TABLE public.profiles_psychologicalissue (
    id bigint NOT NULL,
    name character varying(255) NOT NULL,
    description text
);


ALTER TABLE public.profiles_psychologicalissue OWNER TO postgres;

--
-- Name: profiles_psychologicalissue_id_seq; Type: SEQUENCE; Schema: public; Owner: postgres
--

ALTER TABLE public.profiles_psychologicalissue ALTER COLUMN id ADD GENERATED BY DEFAULT AS IDENTITY (
    SEQUENCE NAME public.profiles_psychologicalissue_id_seq
    START WITH 1
    INCREMENT BY 1
    NO MINVALUE
    NO MAXVALUE
    CACHE 1
);


--
-- Name: profiles_therapistprofile; Type: TABLE; Schema: public; Owner: postgres
--

CREATE TABLE public.profiles_therapistprofile (
    id bigint NOT NULL,
    profile_image character varying(100),
    qualifications text NOT NULL,
    time_zone character varying(50) NOT NULL,
    is_verified boolean NOT NULL,
    created_at timestamp with time zone NOT NULL,
    updated_at timestamp with time zone NOT NULL,
    user_id bigint NOT NULL
);


ALTER TABLE public.profiles_therapistprofile OWNER TO postgres;

--
-- Name: profiles_therapistprofile_id_seq; Type: SEQUENCE; Schema: public; Owner: postgres
--

ALTER TABLE public.profiles_therapistprofile ALTER COLUMN id ADD GENERATED BY DEFAULT AS IDENTITY (
    SEQUENCE NAME public.profiles_therapistprofile_id_seq
    START WITH 1
    INCREMENT BY 1
    NO MINVALUE
    NO MAXVALUE
    CACHE 1
);


--
-- Name: profiles_therapistprofile_specialties; Type: TABLE; Schema: public; Owner: postgres
--

CREATE TABLE public.profiles_therapistprofile_specialties (
    id bigint NOT NULL,
    therapistprofile_id bigint NOT NULL,
    psychologicalissue_id bigint NOT NULL
);


ALTER TABLE public.profiles_therapistprofile_specialties OWNER TO postgres;

--
-- Name: profiles_therapistprofile_specialties_id_seq; Type: SEQUENCE; Schema: public; Owner: postgres
--

ALTER TABLE public.profiles_therapistprofile_specialties ALTER COLUMN id ADD GENERATED BY DEFAULT AS IDENTITY (
    SEQUENCE NAME public.profiles_therapistprofile_specialties_id_seq
    START WITH 1
    INCREMENT BY 1
    NO MINVALUE
    NO MAXVALUE
    CACHE 1
);


--
-- Name: therapy_appointment; Type: TABLE; Schema: public; Owner: postgres
--

CREATE TABLE public.therapy_appointment (
    id bigint NOT NULL,
    scheduled_time timestamp with time zone NOT NULL,
    duration integer NOT NULL,
    status character varying(10) NOT NULL,
    meeting_platform character varying(20) NOT NULL,
    meeting_link character varying(200),
    is_deleted boolean NOT NULL,
    payment_status character varying(10) NOT NULL,
    cancellation_reason text,
    created_at timestamp with time zone NOT NULL,
    canceled_by_id bigint,
    panel_id bigint NOT NULL,
    rescheduled_from_id bigint,
    CONSTRAINT therapy_appointment_duration_check CHECK ((duration >= 0))
);


ALTER TABLE public.therapy_appointment OWNER TO postgres;

--
-- Name: therapy_appointment_id_seq; Type: SEQUENCE; Schema: public; Owner: postgres
--

ALTER TABLE public.therapy_appointment ALTER COLUMN id ADD GENERATED BY DEFAULT AS IDENTITY (
    SEQUENCE NAME public.therapy_appointment_id_seq
    START WITH 1
    INCREMENT BY 1
    NO MINVALUE
    NO MAXVALUE
    CACHE 1
);


--
-- Name: therapy_availability; Type: TABLE; Schema: public; Owner: postgres
--

CREATE TABLE public.therapy_availability (
    id bigint NOT NULL,
    date date NOT NULL,
    start_time time without time zone NOT NULL,
    end_time time without time zone NOT NULL,
    created_at timestamp with time zone NOT NULL,
    therapist_id bigint NOT NULL
);


ALTER TABLE public.therapy_availability OWNER TO postgres;

--
-- Name: therapy_availability_id_seq; Type: SEQUENCE; Schema: public; Owner: postgres
--

ALTER TABLE public.therapy_availability ALTER COLUMN id ADD GENERATED BY DEFAULT AS IDENTITY (
    SEQUENCE NAME public.therapy_availability_id_seq
    START WITH 1
    INCREMENT BY 1
    NO MINVALUE
    NO MAXVALUE
    CACHE 1
);


--
-- Name: therapy_therapypanel; Type: TABLE; Schema: public; Owner: postgres
--

CREATE TABLE public.therapy_therapypanel (
    id bigint NOT NULL,
    status character varying(10) NOT NULL,
    assigned_at timestamp with time zone,
    last_session_date timestamp with time zone,
    progress_notes text,
    completion_notes text,
    created_at timestamp with time zone NOT NULL,
    last_updated timestamp with time zone NOT NULL,
    issue_id bigint NOT NULL,
    patient_id bigint NOT NULL,
    therapist_id bigint
);


ALTER TABLE public.therapy_therapypanel OWNER TO postgres;

--
-- Name: therapy_therapypanel_id_seq; Type: SEQUENCE; Schema: public; Owner: postgres
--

ALTER TABLE public.therapy_therapypanel ALTER COLUMN id ADD GENERATED BY DEFAULT AS IDENTITY (
    SEQUENCE NAME public.therapy_therapypanel_id_seq
    START WITH 1
    INCREMENT BY 1
    NO MINVALUE
    NO MAXVALUE
    CACHE 1
);


--
-- Name: token_blacklist_blacklistedtoken; Type: TABLE; Schema: public; Owner: postgres
--

CREATE TABLE public.token_blacklist_blacklistedtoken (
    id bigint NOT NULL,
    blacklisted_at timestamp with time zone NOT NULL,
    token_id bigint NOT NULL
);


ALTER TABLE public.token_blacklist_blacklistedtoken OWNER TO postgres;

--
-- Name: token_blacklist_blacklistedtoken_id_seq; Type: SEQUENCE; Schema: public; Owner: postgres
--

ALTER TABLE public.token_blacklist_blacklistedtoken ALTER COLUMN id ADD GENERATED BY DEFAULT AS IDENTITY (
    SEQUENCE NAME public.token_blacklist_blacklistedtoken_id_seq
    START WITH 1
    INCREMENT BY 1
    NO MINVALUE
    NO MAXVALUE
    CACHE 1
);


--
-- Name: token_blacklist_outstandingtoken; Type: TABLE; Schema: public; Owner: postgres
--

CREATE TABLE public.token_blacklist_outstandingtoken (
    id bigint NOT NULL,
    token text NOT NULL,
    created_at timestamp with time zone,
    expires_at timestamp with time zone NOT NULL,
    user_id bigint,
    jti character varying(255) NOT NULL
);


ALTER TABLE public.token_blacklist_outstandingtoken OWNER TO postgres;

--
-- Name: token_blacklist_outstandingtoken_id_seq; Type: SEQUENCE; Schema: public; Owner: postgres
--

ALTER TABLE public.token_blacklist_outstandingtoken ALTER COLUMN id ADD GENERATED BY DEFAULT AS IDENTITY (
    SEQUENCE NAME public.token_blacklist_outstandingtoken_id_seq
    START WITH 1
    INCREMENT BY 1
    NO MINVALUE
    NO MAXVALUE
    CACHE 1
);


--
-- Data for Name: accounts_user; Type: TABLE DATA; Schema: public; Owner: postgres
--

COPY public.accounts_user (id, password, last_login, is_superuser, username, first_name, last_name, date_joined, mobile_number, email, is_active, is_admin, role, is_staff) FROM stdin;
68	pbkdf2_sha256$870000$75eeij9kTFWmXqEs10GsZD$+Nn3W1wsKpz5kMJAPs38llWHn7I8LLWAyK+xn6Ea+u0=	\N	t	hossen123@gmail.com	hossen	kishani	2025-01-29 16:24:38.446415+00	09127419677	hossen123@gmail.com	f	t	patient	f
72	pbkdf2_sha256$870000$PMVzNdMfwyuAaqJkV6etyk$FtSmEj4XkBlW2pgBiDj9pv8eStc3G4tDi6M8N2U7NW8=	\N	f	abas123@gmail.com	Abas	Yazdanpanah	2025-02-03 17:34:09.984654+00	09908449282	abas123@gmail.com	t	f	therapist	f
34	pbkdf2_sha256$870000$JXolnnLhNCyffCyV4KN9H2$S045fb00u+KsV+w3bHmOBK6WmyzNi40cJfPMnyW5ZsE=	\N	t	yaser123@gmail.com	Yaser	Amiry	2025-01-29 16:18:56.08597+00	09177419677	yaser123@gmail.com	t	t	patient	f
1	pbkdf2_sha256$870000$FRXK51WgJhpCdJLLScers6$SyzS+ofYE5ch/LY6bZZYf8Ey5Q46bbTb25mlyqaGmTA=	2025-02-09 09:46:57.725524+00	t	arefyazdanpanah4421@gmail.com	Aref	Yazdanpanah	2025-01-21 10:17:23.073487+00	09036322330	arefyazdanpanah4421@gmail.com	t	t	patient	t
69	pbkdf2_sha256$870000$c7bNV3m4rn4mRe42hkEMNQ$bL4AEuW5url0a+WbAs0OiWyv9getX9KfRA6lE8hnFdw=	\N	f	mohamadreza123@gmail.com	mohamadreza	mortazavi	2025-01-29 17:18:51.808262+00	09378526987	mohamadreza123@gmail.com	t	f	patient	f
24	pbkdf2_sha256$870000$bOX7fFlom5C3fsDJJGMC6u$rlQiXlnlv2NLg1m05Z7wSrVFsfJklxbTVs6bRxtCsHE=	\N	f	aliamrani123@example.com	ali123456	amrani123456	2025-01-22 12:50:28.369311+00	09162363678	aliamrani123@example.com	t	f	patient	f
30	pbkdf2_sha256$870000$mpoxzlIT1K24XeqXC8Z6aZ$qiiU2PKwjFsxfeQtiFszHBV7RovtCIYJ3AIFev2u1vU=	\N	f	iman123@gmail.com	iman	moosavi	2025-01-28 14:02:26.697927+00	09177419988	iman123@gmail.com	t	f	patient	f
35	pbkdf2_sha256$870000$OqLSwKICuyGlHLGpEtIn3D$sfaX6jrYV0obaMCvDYgXP1Jm/KUyjwhZpfRPGaLUN7s=	\N	t	meraj123@gmail.com	Meraj	Mortazavi	2025-01-29 16:21:14.87847+00	09173431030	meraj123@gmail.com	f	t	patient	f
71	pbkdf2_sha256$870000$vDFEHJLMRGsBzOYt2QtWnZ$KUcq7oWfHwE0FmytelXM4OGwneAdKrnAobTo0GPgkyY=	\N	f	amir123@gmail.com	Amir	Shirazi	2025-01-30 14:29:03.959183+00	09162363670	amir123@gmail.com	t	f	therapist	f
\.


--
-- Data for Name: accounts_user_groups; Type: TABLE DATA; Schema: public; Owner: postgres
--

COPY public.accounts_user_groups (id, user_id, group_id) FROM stdin;
\.


--
-- Data for Name: accounts_user_user_permissions; Type: TABLE DATA; Schema: public; Owner: postgres
--

COPY public.accounts_user_user_permissions (id, user_id, permission_id) FROM stdin;
\.


--
-- Data for Name: auth_group; Type: TABLE DATA; Schema: public; Owner: postgres
--

COPY public.auth_group (id, name) FROM stdin;
\.


--
-- Data for Name: auth_group_permissions; Type: TABLE DATA; Schema: public; Owner: postgres
--

COPY public.auth_group_permissions (id, group_id, permission_id) FROM stdin;
\.


--
-- Data for Name: auth_permission; Type: TABLE DATA; Schema: public; Owner: postgres
--

COPY public.auth_permission (id, name, content_type_id, codename) FROM stdin;
1	Can add permission	1	add_permission
2	Can change permission	1	change_permission
3	Can delete permission	1	delete_permission
4	Can view permission	1	view_permission
5	Can add group	2	add_group
6	Can change group	2	change_group
7	Can delete group	2	delete_group
8	Can view group	2	view_group
9	Can add content type	3	add_contenttype
10	Can change content type	3	change_contenttype
11	Can delete content type	3	delete_contenttype
12	Can view content type	3	view_contenttype
13	Can add session	4	add_session
14	Can change session	4	change_session
15	Can delete session	4	delete_session
16	Can view session	4	view_session
17	Can add log entry	5	add_logentry
18	Can change log entry	5	change_logentry
19	Can delete log entry	5	delete_logentry
20	Can view log entry	5	view_logentry
21	Can add user	6	add_user
22	Can change user	6	change_user
23	Can delete user	6	delete_user
24	Can view user	6	view_user
25	Can add blacklisted token	7	add_blacklistedtoken
26	Can change blacklisted token	7	change_blacklistedtoken
27	Can delete blacklisted token	7	delete_blacklistedtoken
28	Can view blacklisted token	7	view_blacklistedtoken
29	Can add outstanding token	8	add_outstandingtoken
30	Can change outstanding token	8	change_outstandingtoken
31	Can delete outstanding token	8	delete_outstandingtoken
32	Can view outstanding token	8	view_outstandingtoken
33	Can add patient profile	9	add_patientprofile
34	Can change patient profile	9	change_patientprofile
35	Can delete patient profile	9	delete_patientprofile
36	Can view patient profile	9	view_patientprofile
37	Can add therapist profile	10	add_therapistprofile
38	Can change therapist profile	10	change_therapistprofile
39	Can delete therapist profile	10	delete_therapistprofile
40	Can view therapist profile	10	view_therapistprofile
41	Can add psychological issue	11	add_psychologicalissue
42	Can change psychological issue	11	change_psychologicalissue
43	Can delete psychological issue	11	delete_psychologicalissue
44	Can view psychological issue	11	view_psychologicalissue
66	Can add availability	42	add_availability
67	Can change availability	42	change_availability
68	Can delete availability	42	delete_availability
69	Can view availability	42	view_availability
70	Can add therapy panel	43	add_therapypanel
71	Can change therapy panel	43	change_therapypanel
72	Can delete therapy panel	43	delete_therapypanel
73	Can view therapy panel	43	view_therapypanel
74	Can add appointment	44	add_appointment
75	Can change appointment	44	change_appointment
76	Can delete appointment	44	delete_appointment
77	Can view appointment	44	view_appointment
107	Can add crontab	77	add_crontabschedule
108	Can change crontab	77	change_crontabschedule
109	Can delete crontab	77	delete_crontabschedule
110	Can view crontab	77	view_crontabschedule
111	Can add interval	78	add_intervalschedule
112	Can change interval	78	change_intervalschedule
113	Can delete interval	78	delete_intervalschedule
114	Can view interval	78	view_intervalschedule
115	Can add periodic task	79	add_periodictask
116	Can change periodic task	79	change_periodictask
117	Can delete periodic task	79	delete_periodictask
118	Can view periodic task	79	view_periodictask
119	Can add periodic task track	80	add_periodictasks
120	Can change periodic task track	80	change_periodictasks
121	Can delete periodic task track	80	delete_periodictasks
122	Can view periodic task track	80	view_periodictasks
123	Can add solar event	81	add_solarschedule
124	Can change solar event	81	change_solarschedule
125	Can delete solar event	81	delete_solarschedule
126	Can view solar event	81	view_solarschedule
127	Can add clocked	82	add_clockedschedule
128	Can change clocked	82	change_clockedschedule
129	Can delete clocked	82	delete_clockedschedule
130	Can view clocked	82	view_clockedschedule
\.


--
-- Data for Name: django_admin_log; Type: TABLE DATA; Schema: public; Owner: postgres
--

COPY public.django_admin_log (id, action_time, object_id, object_repr, action_flag, change_message, content_type_id, user_id) FROM stdin;
1	2025-01-21 12:56:39.599418+00	8	Abas Yazdanpanah ()	3		6	1
2	2025-01-21 12:58:59.735711+00	9	Abas Yazdanpanah ()	3		6	1
3	2025-01-21 13:12:03.230987+00	10	Abas Yazdanpanah ()	3		6	1
4	2025-01-21 13:17:21.325773+00	11	Abas Yazdanpanah ()	3		6	1
5	2025-01-21 13:44:27.555626+00	12	Kami Pasi ()	3		6	1
6	2025-01-22 07:03:23.491613+00	14	amir Shirazi	3		6	1
7	2025-01-22 10:27:05.774595+00	17	ali amrani	3		6	1
8	2025-01-22 10:33:18.518616+00	18	ali amrani	3		6	1
9	2025-01-22 11:29:06.608296+00	19	ali amrani	3		6	1
10	2025-01-22 11:52:30.943773+00	20	ali amrani	3		6	1
11	2025-01-22 11:53:49.635642+00	21	ali amrani	3		6	1
12	2025-01-22 11:56:09.438301+00	22	ali amrani	3		6	1
13	2025-01-22 12:50:02.127827+00	23	amir shirazi	3		6	1
14	2025-01-22 12:50:02.127899+00	15	amir shirazi	3		6	1
15	2025-01-22 15:25:38.352403+00	26	ramin abedi	2	[{"changed": {"fields": ["Is active"]}}]	6	1
16	2025-01-23 05:53:28.887298+00	27	ahmad123 abasi	2	[{"changed": {"fields": ["Is active"]}}]	6	1
17	2025-01-23 06:13:27.857246+00	28	reza bahram	2	[{"changed": {"fields": ["Is active"]}}]	6	1
18	2025-01-28 13:39:14.253347+00	29	Amir Shirazi	1	[{"added": {}}]	6	1
19	2025-01-29 12:48:11.705635+00	32	ali motahari	2	[{"changed": {"fields": ["Is active"]}}]	6	1
20	2025-01-29 12:51:22.827915+00	32	ali motahari	2	[{"changed": {"fields": ["Is active"]}}]	6	1
21	2025-01-29 13:06:42.798341+00	32	ali motahari	2	[{"changed": {"fields": ["Is active"]}}]	6	1
22	2025-01-29 13:10:35.599492+00	32	ali-new motahari	2	[{"changed": {"fields": ["First name"]}}]	6	1
23	2025-01-29 14:06:32.846645+00	33	mohamadreza123 mortazavi	2	[{"changed": {"fields": ["First name"]}}]	6	1
29	2025-01-29 17:18:30.343544+00	40	hossen123@gmail.com	3		9	1
30	2025-01-29 17:18:30.34361+00	7	meraj123@gmail.com	3		9	1
31	2025-01-29 17:18:30.343658+00	6	yaser123@gmail.com	3		9	1
32	2025-01-29 17:18:44.568119+00	33	mohamadreza mortazavi	3		6	1
33	2025-01-30 14:25:05.295168+00	29	Amir Shirazi	3		6	1
34	2025-01-30 14:25:50.577424+00	70	Amir Shirazi	1	[{"added": {}}]	6	1
35	2025-01-30 14:28:36.304772+00	70	Amir Shirazi	3		6	1
36	2025-01-30 14:29:04.533596+00	71	Amir Shirazi	1	[{"added": {}}]	6	1
37	2025-01-30 14:35:13.062178+00	71	Amir Shirazi	2	[{"changed": {"fields": ["Is active"]}}]	6	1
38	2025-01-30 14:36:01.118498+00	71	Amir Shirazi	2	[{"changed": {"fields": ["Mobile number"]}}]	6	1
39	2025-01-30 14:37:25.066036+00	71	Amir Shirazi	2	[{"changed": {"fields": ["Is active"]}}]	6	1
40	2025-02-03 17:12:19.441633+00	1	ADHD	1	[{"added": {}}]	11	1
41	2025-02-03 17:12:31.04502+00	2	Addiction	1	[{"added": {}}]	11	1
42	2025-02-03 17:12:42.411236+00	3	Alcohol Problems	1	[{"added": {}}]	11	1
43	2025-02-03 17:12:57.220437+00	4	Anger Issues	1	[{"added": {}}]	11	1
44	2025-02-03 17:13:06.699806+00	5	Anxiety	1	[{"added": {}}]	11	1
45	2025-02-03 17:32:53.694738+00	31	abas yazdanpanah	3		6	1
46	2025-02-03 17:32:53.694799+00	27	ahmad123 abasi	3		6	1
47	2025-02-03 17:32:53.694844+00	32	ali motahari	3		6	1
48	2025-02-03 17:32:53.694887+00	25	ali amrani	3		6	1
49	2025-02-03 17:32:53.694932+00	16	John Doe	3		6	1
50	2025-02-03 17:32:53.694975+00	13	Kami Pasi	3		6	1
51	2025-02-03 17:34:10.583784+00	72	Abas Yazdanpanah	1	[{"added": {}}]	6	1
52	2025-02-03 17:38:27.140077+00	2	abas123@gmail.com	2	[{"changed": {"fields": ["Is verified"]}}]	10	1
53	2025-02-03 17:40:01.010247+00	1	amir123@gmail.com	2	[{"changed": {"fields": ["Specialties", "Time zone", "Is verified"]}}]	10	1
54	2025-02-04 10:09:35.429632+00	3	iman123@gmail.com - Alcohol Problems (active)	3		43	1
55	2025-02-04 10:09:35.429696+00	2	iman123@gmail.com - ADHD (active)	3		43	1
56	2025-02-04 10:09:35.429746+00	1	iman123@gmail.com - Anxiety (active)	3		43	1
57	2025-02-04 14:49:23.738756+00	4	iman123@gmail.com - Alcohol Problems (active)	2	[{"changed": {"fields": ["Status"]}}]	43	1
58	2025-02-04 15:41:50.236545+00	4	iman123@gmail.com - Alcohol Problems (active)	2	[{"changed": {"fields": ["Status"]}}]	43	1
59	2025-02-04 15:43:22.11262+00	4	iman123@gmail.com - Alcohol Problems (active)	2	[{"changed": {"fields": ["Therapist", "Status"]}}]	43	1
60	2025-02-04 15:49:42.950823+00	4	iman123@gmail.com - Alcohol Problems (paused)	2	[{"changed": {"fields": ["Therapist"]}}]	43	1
61	2025-02-04 15:50:18.518351+00	4	iman123@gmail.com - Alcohol Problems (active)	2	[{"changed": {"fields": ["Status"]}}]	43	1
62	2025-02-04 15:50:30.591138+00	4	iman123@gmail.com - Alcohol Problems (active)	2	[{"changed": {"fields": ["Status"]}}]	43	1
63	2025-02-04 16:43:59.573494+00	4	iman123@gmail.com - Alcohol Problems (active)	2	[{"changed": {"fields": ["Status"]}}]	43	1
64	2025-02-04 16:45:12.510953+00	4	iman123@gmail.com - Alcohol Problems (active)	2	[{"changed": {"fields": ["Status"]}}]	43	1
65	2025-02-05 07:11:36.180246+00	4	iman123@gmail.com - Alcohol Problems (active)	3		43	1
66	2025-02-05 07:34:20.052604+00	5	iman123@gmail.com - Anxiety (active)	3		43	1
67	2025-02-05 07:39:27.64436+00	7	iman123@gmail.com - Anxiety (active)	2	[{"changed": {"fields": ["Therapist"]}}]	43	1
68	2025-02-05 07:46:39.383765+00	7	iman123@gmail.com - Anxiety (active)	2	[{"changed": {"fields": ["Therapist"]}}]	43	1
69	2025-02-05 08:00:43.455725+00	7	iman123@gmail.com - Anxiety (active)	2	[{"changed": {"fields": ["Therapist", "Status"]}}]	43	1
70	2025-02-05 08:06:02.961438+00	7	iman123@gmail.com - Anxiety (active)	2	[{"changed": {"fields": ["Status"]}}]	43	1
71	2025-02-05 08:06:20.315696+00	7	iman123@gmail.com - Anxiety (active)	2	[{"changed": {"fields": ["Status"]}}]	43	1
72	2025-02-05 08:47:08.482644+00	7	iman123@gmail.com - Anxiety (paused)	3		43	1
73	2025-02-05 09:11:09.245111+00	8	iman123@gmail.com - Anxiety (active)	3		43	1
74	2025-02-05 12:08:12.918496+00	9	iman123@gmail.com - Anxiety (paused)	3		43	1
75	2025-02-05 12:08:12.918565+00	6	iman123@gmail.com - ADHD (active)	3		43	1
76	2025-02-06 14:24:00.032781+00	1	Appointment for iman123@gmail.com on 2025-02-10 21:30:00+00:00	3		44	1
77	2025-02-06 14:32:52.642313+00	2	Appointment for iman123@gmail.com on 2025-02-10 21:30:00+00:00	3		44	1
78	2025-02-06 15:20:43.376559+00	3	Appointment for iman123@gmail.com on 2025-02-10 21:30:00+00:00	3		44	1
79	2025-02-07 08:50:12.861788+00	4	Appointment for iman123@gmail.com on 2025-02-10 21:30:00+00:00	3		44	1
80	2025-02-07 09:50:44.108455+00	5	Appointment for iman123@gmail.com on 2025-02-10 21:30:00+00:00	3		44	1
81	2025-02-07 10:02:51.753056+00	6	Appointment for iman123@gmail.com on 2025-02-10 21:30:00+00:00	3		44	1
82	2025-02-07 10:19:59.956952+00	7	abas123@gmail.com - 2025-02-10: 15:00:00 to 19:30:00	3		42	1
83	2025-02-07 15:01:49.475694+00	11	Appointment for iman123@gmail.com on 2025-02-08 17:30:00+00:00	3		44	1
84	2025-02-07 15:02:18.352081+00	10	Appointment for iman123@gmail.com on 2025-02-08 16:30:00+00:00	2	[{"changed": {"fields": ["Status"]}}]	44	1
85	2025-02-07 15:10:25.300475+00	12	Appointment for iman123@gmail.com on 2025-02-08 17:30:00+00:00	3		44	1
86	2025-02-07 15:10:47.724891+00	10	Appointment for iman123@gmail.com on 2025-02-08 16:30:00+00:00	2	[{"changed": {"fields": ["Status"]}}]	44	1
87	2025-02-07 16:06:16.922289+00	13	Appointment for iman123@gmail.com on 2025-02-08 18:30:00+00:00	2	[{"changed": {"fields": ["Status"]}}]	44	1
88	2025-02-07 16:06:33.308272+00	13	Appointment for iman123@gmail.com on 2025-02-08 18:30:00+00:00	2	[{"changed": {"fields": ["Status"]}}]	44	1
89	2025-02-09 15:08:28.649657+00	1	every 2 minutes	1	[{"added": {}}]	78	1
90	2025-02-09 15:09:10.156428+00	1	Auto Complete Appointments: every 2 minutes	1	[{"added": {}}]	79	1
91	2025-02-09 15:13:52.656963+00	2	every minute	1	[{"added": {}}]	78	1
92	2025-02-09 15:14:04.681629+00	1	Auto Complete Appointments: every minute	2	[{"changed": {"fields": ["Interval Schedule"]}}]	79	1
124	2025-02-09 16:05:16.862137+00	1	Auto Complete Appointments: every minute	2	[{"changed": {"fields": ["Task (registered)", "Task (custom)"]}}]	79	1
125	2025-02-09 16:09:25.474917+00	1	Auto Complete Appointments: every minute	2	[]	79	1
126	2025-02-09 17:03:37.39984+00	1	Auto Complete Appointments: every minute	2	[{"changed": {"fields": ["Task (registered)"]}}]	79	1
127	2025-02-09 17:04:03.166351+00	2	Heloooooo task: every minute	1	[{"added": {}}]	79	1
128	2025-02-10 07:59:06.656901+00	9	Appointment for iman123@gmail.com on 2025-02-07 20:30:00+00:00	2	[{"changed": {"fields": ["Status"]}}]	44	1
129	2025-02-10 08:03:11.550677+00	4	Say Hello: */1 * * * * (m/h/dM/MY/d) UTC	3		79	1
130	2025-02-10 08:07:59.370996+00	2	Heloooooo task: every minute	3		79	1
131	2025-02-10 08:08:14.153613+00	9	Appointment for iman123@gmail.com on 2025-02-07 20:30:00+00:00	2	[{"changed": {"fields": ["Status"]}}]	44	1
132	2025-02-10 10:04:04.897985+00	7	Appointment for iman123@gmail.com on 2025-02-10 21:30:00+00:00	3		44	1
133	2025-02-10 10:04:30.219527+00	8	Appointment for iman123@gmail.com on 2025-02-10 15:30:00+00:00	3		44	1
134	2025-02-10 10:07:08.875687+00	10	Appointment for iman123@gmail.com on 2025-02-08 16:30:00+00:00	3		44	1
135	2025-02-10 10:07:08.881628+00	13	Appointment for iman123@gmail.com on 2025-02-08 18:30:00+00:00	3		44	1
136	2025-02-10 10:59:05.376846+00	16	Appointment for iman123@gmail.com on 2025-02-10 21:30:00+00:00	2	[{"changed": {"fields": ["Status"]}}]	44	1
137	2025-02-10 11:51:46.233532+00	16	Appointment for iman123@gmail.com on 2025-02-10 21:30:00+00:00	2	[{"changed": {"fields": ["Status"]}}]	44	1
138	2025-02-10 12:12:57.640079+00	16	Appointment for iman123@gmail.com on 2025-02-10 21:30:00+00:00	2	[{"changed": {"fields": ["Status"]}}]	44	1
139	2025-02-10 12:40:35.189048+00	9	Appointment for iman123@gmail.com on 2025-02-07 20:30:00+00:00	2	[{"changed": {"fields": ["Status"]}}]	44	1
140	2025-02-10 15:11:40.200106+00	9	Appointment for iman123@gmail.com on 2025-02-07 20:30:00+00:00	2	[{"changed": {"fields": ["Status"]}}]	44	1
\.


--
-- Data for Name: django_celery_beat_clockedschedule; Type: TABLE DATA; Schema: public; Owner: postgres
--

COPY public.django_celery_beat_clockedschedule (id, clocked_time) FROM stdin;
\.


--
-- Data for Name: django_celery_beat_crontabschedule; Type: TABLE DATA; Schema: public; Owner: postgres
--

COPY public.django_celery_beat_crontabschedule (id, minute, hour, day_of_week, day_of_month, month_of_year, timezone) FROM stdin;
2	*/1	*	*	*	*	UTC
1	0	4	*	*	*	UTC
34	*/10	*	*	*	*	UTC
\.


--
-- Data for Name: django_celery_beat_intervalschedule; Type: TABLE DATA; Schema: public; Owner: postgres
--

COPY public.django_celery_beat_intervalschedule (id, every, period) FROM stdin;
1	2	minutes
2	1	minutes
\.


--
-- Data for Name: django_celery_beat_periodictask; Type: TABLE DATA; Schema: public; Owner: postgres
--

COPY public.django_celery_beat_periodictask (id, name, task, args, kwargs, queue, exchange, routing_key, expires, enabled, last_run_at, total_run_count, date_changed, description, crontab_id, interval_id, solar_id, one_off, start_time, priority, headers, clocked_id, expire_seconds) FROM stdin;
3	celery.backend_cleanup	celery.backend_cleanup	[]	{}	\N	\N	\N	\N	t	\N	0	2025-02-11 17:16:21.183631+00		1	\N	\N	f	\N	\N	{}	\N	43200
36	auto_complete_appointments	therapy_connect.therapy.tasks.auto_complete_appointments	[]	{}	\N	\N	\N	\N	t	2025-02-10 18:10:00.030232+00	62	2025-02-11 17:16:21.326608+00		34	\N	\N	f	\N	\N	{}	\N	\N
1	Auto Complete Appointments	therapy_connect.therapy.tasks.auto_complete_appointments	[]	{}	\N	\N	\N	\N	t	2025-02-11 17:16:21.50016+00	624	2025-02-11 17:16:21.641725+00		\N	2	\N	f	2025-02-09 15:08:45+00	\N	{}	\N	\N
\.


--
-- Data for Name: django_celery_beat_periodictasks; Type: TABLE DATA; Schema: public; Owner: postgres
--

COPY public.django_celery_beat_periodictasks (ident, last_update) FROM stdin;
1	2025-02-11 17:16:21.327229+00
\.


--
-- Data for Name: django_celery_beat_solarschedule; Type: TABLE DATA; Schema: public; Owner: postgres
--

COPY public.django_celery_beat_solarschedule (id, event, latitude, longitude) FROM stdin;
\.


--
-- Data for Name: django_content_type; Type: TABLE DATA; Schema: public; Owner: postgres
--

COPY public.django_content_type (id, app_label, model) FROM stdin;
1	auth	permission
2	auth	group
3	contenttypes	contenttype
4	sessions	session
5	admin	logentry
6	accounts	user
7	token_blacklist	blacklistedtoken
8	token_blacklist	outstandingtoken
9	profiles	patientprofile
10	profiles	therapistprofile
11	profiles	psychologicalissue
42	therapy	availability
43	therapy	therapypanel
44	therapy	appointment
77	django_celery_beat	crontabschedule
78	django_celery_beat	intervalschedule
79	django_celery_beat	periodictask
80	django_celery_beat	periodictasks
81	django_celery_beat	solarschedule
82	django_celery_beat	clockedschedule
\.


--
-- Data for Name: django_migrations; Type: TABLE DATA; Schema: public; Owner: postgres
--

COPY public.django_migrations (id, app, name, applied) FROM stdin;
1	contenttypes	0001_initial	2025-01-21 10:15:28.188488+00
2	contenttypes	0002_remove_content_type_name	2025-01-21 10:15:28.194411+00
3	auth	0001_initial	2025-01-21 10:15:28.260809+00
4	auth	0002_alter_permission_name_max_length	2025-01-21 10:15:28.268209+00
5	auth	0003_alter_user_email_max_length	2025-01-21 10:15:28.275919+00
6	auth	0004_alter_user_username_opts	2025-01-21 10:15:28.281922+00
7	auth	0005_alter_user_last_login_null	2025-01-21 10:15:28.287619+00
8	auth	0006_require_contenttypes_0002	2025-01-21 10:15:28.29037+00
9	auth	0007_alter_validators_add_error_messages	2025-01-21 10:15:28.296036+00
10	auth	0008_alter_user_username_max_length	2025-01-21 10:15:28.301445+00
11	auth	0009_alter_user_last_name_max_length	2025-01-21 10:15:28.306805+00
12	auth	0010_alter_group_name_max_length	2025-01-21 10:15:28.312405+00
13	auth	0011_update_proxy_permissions	2025-01-21 10:15:28.317659+00
14	auth	0012_alter_user_first_name_max_length	2025-01-21 10:15:28.322869+00
15	accounts	0001_initial	2025-01-21 10:15:28.411452+00
16	accounts	0002_alter_user_first_name_alter_user_last_name	2025-01-21 10:15:28.495842+00
17	admin	0001_initial	2025-01-21 10:15:28.527508+00
18	admin	0002_logentry_remove_auto_add	2025-01-21 10:15:28.5345+00
19	admin	0003_logentry_add_action_flag_choices	2025-01-21 10:15:28.541555+00
20	sessions	0001_initial	2025-01-21 10:15:28.565868+00
21	accounts	0003_alter_user_role	2025-01-21 12:44:59.739509+00
22	accounts	0004_alter_user_role	2025-01-21 12:53:26.899217+00
23	accounts	0005_remove_user_role_alter_user_is_active	2025-01-22 07:01:04.603277+00
24	token_blacklist	0001_initial	2025-01-22 14:00:57.582371+00
25	token_blacklist	0002_outstandingtoken_jti_hex	2025-01-22 14:00:57.590852+00
26	token_blacklist	0003_auto_20171017_2007	2025-01-22 14:00:57.601646+00
27	token_blacklist	0004_auto_20171017_2013	2025-01-22 14:00:57.623378+00
28	token_blacklist	0005_remove_outstandingtoken_jti	2025-01-22 14:00:57.6322+00
29	token_blacklist	0006_auto_20171017_2113	2025-01-22 14:00:57.6403+00
30	token_blacklist	0007_auto_20171017_2214	2025-01-22 14:00:57.662249+00
31	token_blacklist	0008_migrate_to_bigautofield	2025-01-22 14:00:57.722111+00
32	token_blacklist	0010_fix_migrate_to_bigautofield	2025-01-22 14:00:57.736879+00
33	token_blacklist	0011_linearizes_history	2025-01-22 14:00:57.739783+00
34	token_blacklist	0012_alter_outstandingtoken_user	2025-01-22 14:00:57.749201+00
35	accounts	0006_user_role	2025-01-28 13:16:47.864372+00
36	profiles	0001_initial	2025-01-28 21:28:36.148996+00
69	accounts	0007_user_is_staff	2025-01-29 16:55:00.766366+00
70	profiles	0002_alter_therapistprofile_qualifications	2025-02-03 09:33:44.513109+00
71	therapy	0001_initial	2025-02-03 09:33:44.568291+00
72	therapy	0002_therapypanel	2025-02-03 17:32:15.34276+00
73	therapy	0003_appointment	2025-02-06 12:24:01.062055+00
106	django_celery_beat	0001_initial	2025-02-07 18:45:59.643195+00
107	django_celery_beat	0002_auto_20161118_0346	2025-02-07 18:45:59.685927+00
108	django_celery_beat	0003_auto_20161209_0049	2025-02-07 18:45:59.713163+00
109	django_celery_beat	0004_auto_20170221_0000	2025-02-07 18:45:59.723386+00
110	django_celery_beat	0005_add_solarschedule_events_choices	2025-02-07 18:45:59.736525+00
111	django_celery_beat	0006_auto_20180322_0932	2025-02-07 18:45:59.787359+00
112	django_celery_beat	0007_auto_20180521_0826	2025-02-07 18:45:59.804094+00
113	django_celery_beat	0008_auto_20180914_1922	2025-02-07 18:45:59.837189+00
114	django_celery_beat	0006_auto_20180210_1226	2025-02-07 18:45:59.85795+00
115	django_celery_beat	0006_periodictask_priority	2025-02-07 18:45:59.868688+00
116	django_celery_beat	0009_periodictask_headers	2025-02-07 18:45:59.879887+00
117	django_celery_beat	0010_auto_20190429_0326	2025-02-07 18:46:00.066768+00
118	django_celery_beat	0011_auto_20190508_0153	2025-02-07 18:46:00.094816+00
119	django_celery_beat	0012_periodictask_expire_seconds	2025-02-07 18:46:00.105563+00
120	django_celery_beat	0013_auto_20200609_0727	2025-02-07 18:46:00.116593+00
121	django_celery_beat	0014_remove_clockedschedule_enabled	2025-02-07 18:46:00.122199+00
122	django_celery_beat	0015_edit_solarschedule_events_choices	2025-02-07 18:46:00.127386+00
123	django_celery_beat	0016_alter_crontabschedule_timezone	2025-02-07 18:46:00.139034+00
124	django_celery_beat	0017_alter_crontabschedule_month_of_year	2025-02-07 18:46:00.148126+00
125	django_celery_beat	0018_improve_crontab_helptext	2025-02-07 18:46:00.157569+00
126	django_celery_beat	0019_alter_periodictasks_options	2025-02-07 18:46:00.162+00
\.


--
-- Data for Name: django_session; Type: TABLE DATA; Schema: public; Owner: postgres
--

COPY public.django_session (session_key, session_data, expire_date) FROM stdin;
rdklmkxfct3qxbkw4t057oa1v72jineh	.eJxVjMEOwiAQRP-FsyFAtwU8eu83kF3YStVAUtqT8d9tkx70OPPezFsE3NYctsZLmJO4Ci0uvx1hfHI5QHpguVcZa1mXmeShyJM2OdbEr9vp_h1kbHlf46QNe4Zku64HxYPXZCM674AcR2QDaPfQGUhEbtLMDNCrpAwh2UF8vutMODY:1taBK5:hyTd7otB3Oh17_LEcjv-R3bU74yDYkTkdPI7DHmES4M	2025-02-04 10:17:29.650851+00
mek8vp414pwzj03zh869oo712amb33um	.eJxVjMEOwiAQRP-FsyFAtwU8eu83kF3YStVAUtqT8d9tkx70OPPezFsE3NYctsZLmJO4Ci0uvx1hfHI5QHpguVcZa1mXmeShyJM2OdbEr9vp_h1kbHlf46QNe4Zku64HxYPXZCM674AcR2QDaPfQGUhEbtLMDNCrpAwh2UF8vutMODY:1tclhT:mVcM_kglqsuOJB0ilxDzJiTOJ6R8H-AiRUBoK_r9WlM	2025-02-11 13:32:19.544513+00
cwoq7hqctz2gkixae9i9jb6o99pzy727	.eJxVjMEOwiAQRP-FsyFAtwU8eu83kF3YStVAUtqT8d9tkx70OPPezFsE3NYctsZLmJO4Ci0uvx1hfHI5QHpguVcZa1mXmeShyJM2OdbEr9vp_h1kbHlf46QNe4Zku64HxYPXZCM674AcR2QDaPfQGUhEbtLMDNCrpAwh2UF8vutMODY:1tct8a:wi7wHlw1ACQGalnySb-u3dzfrykmqotwRPxvktowCZU	2025-02-11 21:28:48.33024+00
ht2fktf6u9k1scf5ejtfb1wi41yrwkhi	.eJxVjDkOwjAUBe_iGlneEieU9JzB-ptxADlSnFSIu0OkFNC-mXkvlWBbS9qaLGlidVbeqdPviEAPqTvhO9TbrGmu6zKh3hV90KavM8vzcrh_BwVa-dYQkDwZ6wIHGAnJkkE_cHY9AaGVMYjAwDFm7JBcDyEYnxkwdzH7rN4fPwc5yg:1tdBR4:TtNZIdem3uEB3woSGNt_6I8dzKFJHE1HadTcG5XhVO8	2025-02-12 17:01:06.629502+00
afdlbalgaodwifxju44e1e4hmj1p6tep	.eJxVjMEOwiAQRP-FsyFAtwU8eu83kF3YStVAUtqT8d9tkx70OPPezFsE3NYctsZLmJO4Ci0uvx1hfHI5QHpguVcZa1mXmeShyJM2OdbEr9vp_h1kbHlf46QNe4Zku64HxYPXZCM674AcR2QDaPfQGUhEbtLMDNCrpAwh2UF8vutMODY:1tdBTZ:5PXIvuROWtFeK59-BJalckgm-DpNlu6isdTdk4nJYlA	2025-02-12 17:03:41.35074+00
5gmlk8jkr1qnm4gtqcvcajjzmakj5u4k	.eJxVjMEOwiAQRP-FsyFAtwU8eu83kF3YStVAUtqT8d9tkx70OPPezFsE3NYctsZLmJO4Ci0uvx1hfHI5QHpguVcZa1mXmeShyJM2OdbEr9vp_h1kbHlf46QNe4Zku64HxYPXZCM674AcR2QDaPfQGUhEbtLMDNCrpAwh2UF8vutMODY:1teqlr:58s7wMWjxSlQVy7qQqzs_8qX91HcyWdQslDolYTKBUQ	2025-02-17 07:21:27.060608+00
kw9qqip0el86gfccc8p9kr84ol3x88dy	.eJxVjMEOwiAQRP-FsyFAtwU8eu83kF3YStVAUtqT8d9tkx70OPPezFsE3NYctsZLmJO4Ci0uvx1hfHI5QHpguVcZa1mXmeShyJM2OdbEr9vp_h1kbHlf46QNe4Zku64HxYPXZCM674AcR2QDaPfQGUhEbtLMDNCrpAwh2UF8vutMODY:1tfXvD:AyQyRXobgFMDucvcL3Geq8VQHiF8ZJtm-Z8L8ECjNcA	2025-02-19 05:25:59.847049+00
xeg8waet5e1zk5jzc47w0pu3fir5plue	.eJxVjMEOwiAQRP-FsyFAtwU8eu83kF3YStVAUtqT8d9tkx70OPPezFsE3NYctsZLmJO4Ci0uvx1hfHI5QHpguVcZa1mXmeShyJM2OdbEr9vp_h1kbHlf46QNe4Zku64HxYPXZCM674AcR2QDaPfQGUhEbtLMDNCrpAwh2UF8vutMODY:1th3tx:vItbPnPCUt_b6ZiRQbP2AGJUYb2Sjn8vlZKFX_1gYig	2025-02-23 09:46:57.803627+00
\.


--
-- Data for Name: profiles_patientprofile; Type: TABLE DATA; Schema: public; Owner: postgres
--

COPY public.profiles_patientprofile (id, profile_image, conversation_summary, created_at, updated_at, user_id) FROM stdin;
2		\N	2025-01-28 22:45:13.077184+00	2025-01-28 22:45:13.077216+00	30
4		\N	2025-01-29 08:43:54.793756+00	2025-01-29 08:43:54.793782+00	1
41		\N	2025-01-29 17:18:52.319764+00	2025-01-29 17:18:52.319786+00	69
\.


--
-- Data for Name: profiles_psychologicalissue; Type: TABLE DATA; Schema: public; Owner: postgres
--

COPY public.profiles_psychologicalissue (id, name, description) FROM stdin;
1	ADHD	
2	Addiction	
3	Alcohol Problems	
4	Anger Issues	
5	Anxiety	
\.


--
-- Data for Name: profiles_therapistprofile; Type: TABLE DATA; Schema: public; Owner: postgres
--

COPY public.profiles_therapistprofile (id, profile_image, qualifications, time_zone, is_verified, created_at, updated_at, user_id) FROM stdin;
2		Licensed psychologist with 10 years of experience	America/New_York	t	2025-02-03 17:34:10.580502+00	2025-02-03 17:38:27.136127+00	72
1			America/New_York	t	2025-01-30 14:29:04.52251+00	2025-02-03 17:40:01.003938+00	71
\.


--
-- Data for Name: profiles_therapistprofile_specialties; Type: TABLE DATA; Schema: public; Owner: postgres
--

COPY public.profiles_therapistprofile_specialties (id, therapistprofile_id, psychologicalissue_id) FROM stdin;
1	2	1
2	2	3
3	2	5
4	1	1
5	1	4
6	1	5
\.


--
-- Data for Name: therapy_appointment; Type: TABLE DATA; Schema: public; Owner: postgres
--

COPY public.therapy_appointment (id, scheduled_time, duration, status, meeting_platform, meeting_link, is_deleted, payment_status, cancellation_reason, created_at, canceled_by_id, panel_id, rescheduled_from_id) FROM stdin;
15	2025-02-10 17:30:00+00	60	canceled	zoom	https://zoom.com/meeting/11-1739208600.0	f	pending	\N	2025-02-10 10:05:15.410968+00	\N	11	\N
9	2025-02-07 20:30:00+00	60	completed	zoom	https://zoom.com/meeting/11-1738960200.0	f	pending		2025-02-07 10:29:31.952086+00	\N	11	\N
17	2025-02-11 18:00:00+00	60	scheduled	zoom	https://zoom.com/meeting/10-1739296800.0	f	pending	\N	2025-02-10 17:06:47.910631+00	\N	10	\N
16	2025-02-10 21:30:00+00	60	completed	zoom	https://zoom.com/meeting/11-1739208600.0	f	pending	Personal emergency from me	2025-02-10 10:07:24.486703+00	\N	11	15
18	2025-02-11 09:00:00+00	60	completed	zoom	https://zoom.com/meeting/10-1739264400.0	f	pending	\N	2025-02-10 17:32:56.671521+00	\N	10	\N
\.


--
-- Data for Name: therapy_availability; Type: TABLE DATA; Schema: public; Owner: postgres
--

COPY public.therapy_availability (id, date, start_time, end_time, created_at, therapist_id) FROM stdin;
2	2025-02-10	09:00:00	11:00:00	2025-02-03 10:03:13.433288+00	1
3	2025-02-10	12:00:00	18:00:00	2025-02-03 10:06:40.332692+00	1
4	2025-02-10	18:00:00	21:00:00	2025-02-03 12:12:42.964728+00	1
6	2025-02-10	21:00:00	23:30:00	2025-02-05 07:38:09.67848+00	2
8	2025-02-10	15:00:00	19:30:00	2025-02-07 10:20:06.892168+00	2
9	2025-02-07	15:00:00	23:00:00	2025-02-07 10:22:00.532641+00	2
10	2025-02-08	15:00:00	23:30:00	2025-02-07 13:49:48.553613+00	2
11	2025-02-09	10:00:00	23:30:00	2025-02-07 16:07:17.667314+00	2
12	2025-02-10	20:00:00	21:00:00	2025-02-10 10:00:57.080527+00	2
13	2025-02-11	08:00:00	23:00:00	2025-02-10 17:06:31.765925+00	2
14	2025-02-11	23:10:00	23:30:00	2025-02-10 17:26:31.174561+00	2
\.


--
-- Data for Name: therapy_therapypanel; Type: TABLE DATA; Schema: public; Owner: postgres
--

COPY public.therapy_therapypanel (id, status, assigned_at, last_session_date, progress_notes, completion_notes, created_at, last_updated, issue_id, patient_id, therapist_id) FROM stdin;
11	active	\N	\N	\N	\N	2025-02-05 12:08:38.66523+00	2025-02-05 12:09:12.187936+00	3	2	2
10	active	\N	\N	\N	\N	2025-02-05 12:08:27.508443+00	2025-02-10 17:05:37.697902+00	5	2	2
\.


--
-- Data for Name: token_blacklist_blacklistedtoken; Type: TABLE DATA; Schema: public; Owner: postgres
--

COPY public.token_blacklist_blacklistedtoken (id, blacklisted_at, token_id) FROM stdin;
1	2025-01-22 14:05:17.015218+00	1
\.


--
-- Data for Name: token_blacklist_outstandingtoken; Type: TABLE DATA; Schema: public; Owner: postgres
--

COPY public.token_blacklist_outstandingtoken (id, token, created_at, expires_at, user_id, jti) FROM stdin;
5	eyJhbGciOiJIUzI1NiIsInR5cCI6IkpXVCJ9.eyJ0b2tlbl90eXBlIjoicmVmcmVzaCIsImV4cCI6MTc0MjQyMzYyOSwiaWF0IjoxNzM4MTAzNjI5LCJqdGkiOiJlZjgwMzgwZDU0MWI0Yzg1YjEyNTFlYzE3N2YzMGYxNCIsInVzZXJfaWQiOjMwfQ.v4iNsdBEkIMjXjZNfePdUgilYGnrFLGiYKJVrISzhTw	2025-01-28 22:33:49.447987+00	2025-03-19 22:33:49+00	30	ef80380d541b4c85b1251ec177f30f14
6	eyJhbGciOiJIUzI1NiIsInR5cCI6IkpXVCJ9.eyJ0b2tlbl90eXBlIjoicmVmcmVzaCIsImV4cCI6MTc0MjQ2MDEwMywiaWF0IjoxNzM4MTQwMTAzLCJqdGkiOiI2OGViNzlkZDI2Y2Q0NGEwYjdjZDM4NWYyZjhhM2YzYSIsInVzZXJfaWQiOjF9.h4zOJx34MKGGa96JPzNc5gf4cPy4pgMP-AbpL4FHt8g	2025-01-29 08:41:43.28608+00	2025-03-20 08:41:43+00	1	68eb79dd26cd44a0b7cd385f2f8a3f3a
7	eyJhbGciOiJIUzI1NiIsInR5cCI6IkpXVCJ9.eyJ0b2tlbl90eXBlIjoicmVmcmVzaCIsImV4cCI6MTc0MjQ3MDU4NywiaWF0IjoxNzM4MTUwNTg3LCJqdGkiOiJmMDRmZGIzZDFlMWY0OTEyOGFmYzdkMzNmNjkxZjE0ZiIsInVzZXJfaWQiOjMwfQ.JKBSFPWu7tQeS7L1Fg3cSgzTNns1ldqLhF1sHiF8Kts	2025-01-29 11:36:27.953235+00	2025-03-20 11:36:27+00	30	f04fdb3d1e1f49128afc7d33f691f14f
42	eyJhbGciOiJIUzI1NiIsInR5cCI6IkpXVCJ9.eyJ0b2tlbl90eXBlIjoicmVmcmVzaCIsImV4cCI6MTc0MjQ3NTE2NSwiaWF0IjoxNzM4MTU1MTY1LCJqdGkiOiIyMTA4M2ViYTZhMDU0NWRiYTAxYWIxNDRkMzgxYTQyYiIsInVzZXJfaWQiOjF9.jwXXN1vC7LNSk38wNVr8SQh8l_Uz9QAdj87VoEkjNvk	2025-01-29 12:52:45.084196+00	2025-03-20 12:52:45+00	1	21083eba6a0545dba01ab144d381a42b
1	eyJhbGciOiJIUzI1NiIsInR5cCI6IkpXVCJ9.eyJ0b2tlbl90eXBlIjoicmVmcmVzaCIsImV4cCI6MTc0MTg3NDQ2NCwiaWF0IjoxNzM3NTU0NDY0LCJqdGkiOiIxMThjZDg3MTM3MWM0OWY3YTNlNDU0YTQ1ODVlYTA3MiIsInVzZXJfaWQiOjI2fQ.VaMKWEF9BvPJ7M5V16_Hsr0OZyLnHJiF_T6MeqFmG9M	2025-01-22 14:01:04.614072+00	2025-03-13 14:01:04+00	\N	118cd871371c49f7a3e454a4585ea072
2	eyJhbGciOiJIUzI1NiIsInR5cCI6IkpXVCJ9.eyJ0b2tlbl90eXBlIjoicmVmcmVzaCIsImV4cCI6MTc0MTg4MDYyNiwiaWF0IjoxNzM3NTYwNjI2LCJqdGkiOiIwY2FmMmQ1OGFmYTE0MTFiOTBlN2EyZmE5ZDFiMjhjYSIsInVzZXJfaWQiOjI2fQ.Pz8HfWybs266QiG0yAaG5PwIKtF2Zdlg4ajO2juXoDU	2025-01-22 15:43:46.16998+00	2025-03-13 15:43:46+00	\N	0caf2d58afa1411b90e7a2fa9d1b28ca
4	eyJhbGciOiJIUzI1NiIsInR5cCI6IkpXVCJ9.eyJ0b2tlbl90eXBlIjoicmVmcmVzaCIsImV4cCI6MTc0MTkzMjY2NSwiaWF0IjoxNzM3NjEyNjY1LCJqdGkiOiJiMmJmNWUxN2ExMDI0OWMyYWUzNGFkY2ZjNWUyNDg5YSIsInVzZXJfaWQiOjI4fQ.mgPP05IGmSnZaqV2RkG7cpjH-78e4AanT9XCWu9Us0Y	2025-01-23 06:11:05.49339+00	2025-03-14 06:11:05+00	\N	b2bf5e17a10249c2ae34adcfc5e2489a
43	eyJhbGciOiJIUzI1NiIsInR5cCI6IkpXVCJ9.eyJ0b2tlbl90eXBlIjoicmVmcmVzaCIsImV4cCI6MTc0MjQ3ODYzMSwiaWF0IjoxNzM4MTU4NjMxLCJqdGkiOiI2OTRjZWMyMjRhMzQ0Njg5OGRhMzM4MmExN2Q5OTU4ZCIsInVzZXJfaWQiOjMzfQ.95P89mB6icxmUawYv43SYEuDc8ukrgg180zNReewMgA	2025-01-29 13:50:31.052635+00	2025-03-20 13:50:31+00	\N	694cec224a3446898da3382a17d9958d
44	eyJhbGciOiJIUzI1NiIsInR5cCI6IkpXVCJ9.eyJ0b2tlbl90eXBlIjoicmVmcmVzaCIsImV4cCI6MTc0MjQ3ODY1NywiaWF0IjoxNzM4MTU4NjU3LCJqdGkiOiJiNzZhMDU1NzAxOGQ0ZTZhOTg3NGEwNTBjNTBiM2M1NyIsInVzZXJfaWQiOjMzfQ.-P6ynAi1dvMSOqK2vm651RBNy8PSItzVptc_J1F2LFE	2025-01-29 13:50:57.837968+00	2025-03-20 13:50:57+00	\N	b76a0557018d4e6a9874a050c50b3c57
45	eyJhbGciOiJIUzI1NiIsInR5cCI6IkpXVCJ9.eyJ0b2tlbl90eXBlIjoicmVmcmVzaCIsImV4cCI6MTc0MjQ5MTE5MiwiaWF0IjoxNzM4MTcxMTkyLCJqdGkiOiIxZmJhZTQ1Nzc3ZDU0YTJjYjAwZTEwMjI4YTgyMWE4MyIsInVzZXJfaWQiOjY5fQ.OrV4Yjy_zjb9nKA2ITO_aoo294qdJL36AV_BZNHz2jM	2025-01-29 17:19:52.945981+00	2025-03-20 17:19:52+00	69	1fbae45777d54a2cb00e10228a821a83
46	eyJhbGciOiJIUzI1NiIsInR5cCI6IkpXVCJ9.eyJ0b2tlbl90eXBlIjoicmVmcmVzaCIsImV4cCI6MTc0MjU2NzcxNiwiaWF0IjoxNzM4MjQ3NzE2LCJqdGkiOiJlZWY2MTliOTNiZGU0MmU1YjJjNmZjNGU5M2NkMDZiOSIsInVzZXJfaWQiOjcxfQ.ekctpXf6kaUSk1X2cMbwHt2ivYE7eOC_LxBZBbDUvrQ	2025-01-30 14:35:16.343525+00	2025-03-21 14:35:16+00	71	eef619b93bde42e5b2c6fc4e93cd06b9
3	eyJhbGciOiJIUzI1NiIsInR5cCI6IkpXVCJ9.eyJ0b2tlbl90eXBlIjoicmVmcmVzaCIsImV4cCI6MTc0MTkzMTM5NiwiaWF0IjoxNzM3NjExMzk2LCJqdGkiOiJkOTRhNWE5YjY1ZTA0MjQyYWE4YTEwYTI2MGZjMzZjMSIsInVzZXJfaWQiOjI3fQ.O7g0Is-IpOtzFAPWOt-O0pGQORewwV8wZWiRECrEfJw	2025-01-23 05:49:56.89385+00	2025-03-14 05:49:56+00	\N	d94a5a9b65e04242aa8a10a260fc36c1
40	eyJhbGciOiJIUzI1NiIsInR5cCI6IkpXVCJ9.eyJ0b2tlbl90eXBlIjoicmVmcmVzaCIsImV4cCI6MTc0MjQ3MjM5MCwiaWF0IjoxNzM4MTUyMzkwLCJqdGkiOiI3ZmE1ZWU5YjMxYmY0NTdkOGYwNWVkNWI4YjA1NmExOCIsInVzZXJfaWQiOjMxfQ.QjDkyYZLgRGndMwdb8J_ONpnDgYLBD60iS1dNBQ_Ruk	2025-01-29 12:06:30.855867+00	2025-03-20 12:06:30+00	\N	7fa5ee9b31bf457d8f05ed5b8b056a18
41	eyJhbGciOiJIUzI1NiIsInR5cCI6IkpXVCJ9.eyJ0b2tlbl90eXBlIjoicmVmcmVzaCIsImV4cCI6MTc0MjQ3NDA4MywiaWF0IjoxNzM4MTU0MDgzLCJqdGkiOiI0MzQ2NDIwZWU0NGE0MTc2ODk4YTg4OGUxYzIxNDA1MyIsInVzZXJfaWQiOjMyfQ.L_3tW9D_Qpq8LVjDXuFrCC71OprURIb6GRGaHnAdGm4	2025-01-29 12:34:43.339238+00	2025-03-20 12:34:43+00	\N	4346420ee44a4176898a888e1c214053
47	eyJhbGciOiJIUzI1NiIsInR5cCI6IkpXVCJ9.eyJ0b2tlbl90eXBlIjoicmVmcmVzaCIsImV4cCI6MTc0MjkyNDEwMywiaWF0IjoxNzM4NjA0MTAzLCJqdGkiOiJiMzQ0MDllN2QzNWY0YTNmOGE0ZDE3NjdiODY3MmE5ZCIsInVzZXJfaWQiOjcyfQ.bZ_xYv93-XUzAm4fGLEd9GsGFnryqlb85T1r0u8IyLk	2025-02-03 17:35:03.159922+00	2025-03-25 17:35:03+00	72	b34409e7d35f4a3f8a4d1767b8672a9d
48	eyJhbGciOiJIUzI1NiIsInR5cCI6IkpXVCJ9.eyJ0b2tlbl90eXBlIjoicmVmcmVzaCIsImV4cCI6MTc0MjkyNTEyMiwiaWF0IjoxNzM4NjA1MTIyLCJqdGkiOiJkNDcxZmRmYmFiNDQ0NzMyODFlOTUxNDk3M2FmYzA1YyIsInVzZXJfaWQiOjMwfQ.zYX-EYroFUJGOIdtiaDK5PiPV9xIATlybQuulXmsYR8	2025-02-03 17:52:02.669237+00	2025-03-25 17:52:02+00	30	d471fdfbab44473281e9514973afc05c
49	eyJhbGciOiJIUzI1NiIsInR5cCI6IkpXVCJ9.eyJ0b2tlbl90eXBlIjoicmVmcmVzaCIsImV4cCI6MTc0MzAwNDAzMSwiaWF0IjoxNzM4Njg0MDMxLCJqdGkiOiI2Y2IyMzEzM2U5NTQ0M2JhODY2MTZhMzIyNjYyZmYyYSIsInVzZXJfaWQiOjcyfQ.3AQaXFUNJjd5LP-LzvK0vosmceUFcExwNJloUiak6RU	2025-02-04 15:47:11.550966+00	2025-03-26 15:47:11+00	72	6cb23133e95443ba86616a322662ff2a
\.


--
-- Name: accounts_user_groups_id_seq; Type: SEQUENCE SET; Schema: public; Owner: postgres
--

SELECT pg_catalog.setval('public.accounts_user_groups_id_seq', 1, false);


--
-- Name: accounts_user_id_seq; Type: SEQUENCE SET; Schema: public; Owner: postgres
--

SELECT pg_catalog.setval('public.accounts_user_id_seq', 72, true);


--
-- Name: accounts_user_user_permissions_id_seq; Type: SEQUENCE SET; Schema: public; Owner: postgres
--

SELECT pg_catalog.setval('public.accounts_user_user_permissions_id_seq', 1, false);


--
-- Name: auth_group_id_seq; Type: SEQUENCE SET; Schema: public; Owner: postgres
--

SELECT pg_catalog.setval('public.auth_group_id_seq', 1, false);


--
-- Name: auth_group_permissions_id_seq; Type: SEQUENCE SET; Schema: public; Owner: postgres
--

SELECT pg_catalog.setval('public.auth_group_permissions_id_seq', 1, false);


--
-- Name: auth_permission_id_seq; Type: SEQUENCE SET; Schema: public; Owner: postgres
--

SELECT pg_catalog.setval('public.auth_permission_id_seq', 139, true);


--
-- Name: django_admin_log_id_seq; Type: SEQUENCE SET; Schema: public; Owner: postgres
--

SELECT pg_catalog.setval('public.django_admin_log_id_seq', 140, true);


--
-- Name: django_celery_beat_clockedschedule_id_seq; Type: SEQUENCE SET; Schema: public; Owner: postgres
--

SELECT pg_catalog.setval('public.django_celery_beat_clockedschedule_id_seq', 1, false);


--
-- Name: django_celery_beat_crontabschedule_id_seq; Type: SEQUENCE SET; Schema: public; Owner: postgres
--

SELECT pg_catalog.setval('public.django_celery_beat_crontabschedule_id_seq', 34, true);


--
-- Name: django_celery_beat_intervalschedule_id_seq; Type: SEQUENCE SET; Schema: public; Owner: postgres
--

SELECT pg_catalog.setval('public.django_celery_beat_intervalschedule_id_seq', 34, true);


--
-- Name: django_celery_beat_periodictask_id_seq; Type: SEQUENCE SET; Schema: public; Owner: postgres
--

SELECT pg_catalog.setval('public.django_celery_beat_periodictask_id_seq', 36, true);


--
-- Name: django_celery_beat_solarschedule_id_seq; Type: SEQUENCE SET; Schema: public; Owner: postgres
--

SELECT pg_catalog.setval('public.django_celery_beat_solarschedule_id_seq', 1, false);


--
-- Name: django_content_type_id_seq; Type: SEQUENCE SET; Schema: public; Owner: postgres
--

SELECT pg_catalog.setval('public.django_content_type_id_seq', 109, true);


--
-- Name: django_migrations_id_seq; Type: SEQUENCE SET; Schema: public; Owner: postgres
--

SELECT pg_catalog.setval('public.django_migrations_id_seq', 138, true);


--
-- Name: profiles_patientprofile_id_seq; Type: SEQUENCE SET; Schema: public; Owner: postgres
--

SELECT pg_catalog.setval('public.profiles_patientprofile_id_seq', 41, true);


--
-- Name: profiles_psychologicalissue_id_seq; Type: SEQUENCE SET; Schema: public; Owner: postgres
--

SELECT pg_catalog.setval('public.profiles_psychologicalissue_id_seq', 5, true);


--
-- Name: profiles_therapistprofile_id_seq; Type: SEQUENCE SET; Schema: public; Owner: postgres
--

SELECT pg_catalog.setval('public.profiles_therapistprofile_id_seq', 2, true);


--
-- Name: profiles_therapistprofile_specialties_id_seq; Type: SEQUENCE SET; Schema: public; Owner: postgres
--

SELECT pg_catalog.setval('public.profiles_therapistprofile_specialties_id_seq', 6, true);


--
-- Name: therapy_appointment_id_seq; Type: SEQUENCE SET; Schema: public; Owner: postgres
--

SELECT pg_catalog.setval('public.therapy_appointment_id_seq', 18, true);


--
-- Name: therapy_availability_id_seq; Type: SEQUENCE SET; Schema: public; Owner: postgres
--

SELECT pg_catalog.setval('public.therapy_availability_id_seq', 14, true);


--
-- Name: therapy_therapypanel_id_seq; Type: SEQUENCE SET; Schema: public; Owner: postgres
--

SELECT pg_catalog.setval('public.therapy_therapypanel_id_seq', 11, true);


--
-- Name: token_blacklist_blacklistedtoken_id_seq; Type: SEQUENCE SET; Schema: public; Owner: postgres
--

SELECT pg_catalog.setval('public.token_blacklist_blacklistedtoken_id_seq', 1, true);


--
-- Name: token_blacklist_outstandingtoken_id_seq; Type: SEQUENCE SET; Schema: public; Owner: postgres
--

SELECT pg_catalog.setval('public.token_blacklist_outstandingtoken_id_seq', 49, true);


--
-- Name: accounts_user accounts_user_email_key; Type: CONSTRAINT; Schema: public; Owner: postgres
--

ALTER TABLE ONLY public.accounts_user
    ADD CONSTRAINT accounts_user_email_key UNIQUE (email);


--
-- Name: accounts_user_groups accounts_user_groups_pkey; Type: CONSTRAINT; Schema: public; Owner: postgres
--

ALTER TABLE ONLY public.accounts_user_groups
    ADD CONSTRAINT accounts_user_groups_pkey PRIMARY KEY (id);


--
-- Name: accounts_user_groups accounts_user_groups_user_id_group_id_59c0b32f_uniq; Type: CONSTRAINT; Schema: public; Owner: postgres
--

ALTER TABLE ONLY public.accounts_user_groups
    ADD CONSTRAINT accounts_user_groups_user_id_group_id_59c0b32f_uniq UNIQUE (user_id, group_id);


--
-- Name: accounts_user accounts_user_mobile_number_key; Type: CONSTRAINT; Schema: public; Owner: postgres
--

ALTER TABLE ONLY public.accounts_user
    ADD CONSTRAINT accounts_user_mobile_number_key UNIQUE (mobile_number);


--
-- Name: accounts_user accounts_user_pkey; Type: CONSTRAINT; Schema: public; Owner: postgres
--

ALTER TABLE ONLY public.accounts_user
    ADD CONSTRAINT accounts_user_pkey PRIMARY KEY (id);


--
-- Name: accounts_user_user_permissions accounts_user_user_permi_user_id_permission_id_2ab516c2_uniq; Type: CONSTRAINT; Schema: public; Owner: postgres
--

ALTER TABLE ONLY public.accounts_user_user_permissions
    ADD CONSTRAINT accounts_user_user_permi_user_id_permission_id_2ab516c2_uniq UNIQUE (user_id, permission_id);


--
-- Name: accounts_user_user_permissions accounts_user_user_permissions_pkey; Type: CONSTRAINT; Schema: public; Owner: postgres
--

ALTER TABLE ONLY public.accounts_user_user_permissions
    ADD CONSTRAINT accounts_user_user_permissions_pkey PRIMARY KEY (id);


--
-- Name: accounts_user accounts_user_username_key; Type: CONSTRAINT; Schema: public; Owner: postgres
--

ALTER TABLE ONLY public.accounts_user
    ADD CONSTRAINT accounts_user_username_key UNIQUE (username);


--
-- Name: auth_group auth_group_name_key; Type: CONSTRAINT; Schema: public; Owner: postgres
--

ALTER TABLE ONLY public.auth_group
    ADD CONSTRAINT auth_group_name_key UNIQUE (name);


--
-- Name: auth_group_permissions auth_group_permissions_group_id_permission_id_0cd325b0_uniq; Type: CONSTRAINT; Schema: public; Owner: postgres
--

ALTER TABLE ONLY public.auth_group_permissions
    ADD CONSTRAINT auth_group_permissions_group_id_permission_id_0cd325b0_uniq UNIQUE (group_id, permission_id);


--
-- Name: auth_group_permissions auth_group_permissions_pkey; Type: CONSTRAINT; Schema: public; Owner: postgres
--

ALTER TABLE ONLY public.auth_group_permissions
    ADD CONSTRAINT auth_group_permissions_pkey PRIMARY KEY (id);


--
-- Name: auth_group auth_group_pkey; Type: CONSTRAINT; Schema: public; Owner: postgres
--

ALTER TABLE ONLY public.auth_group
    ADD CONSTRAINT auth_group_pkey PRIMARY KEY (id);


--
-- Name: auth_permission auth_permission_content_type_id_codename_01ab375a_uniq; Type: CONSTRAINT; Schema: public; Owner: postgres
--

ALTER TABLE ONLY public.auth_permission
    ADD CONSTRAINT auth_permission_content_type_id_codename_01ab375a_uniq UNIQUE (content_type_id, codename);


--
-- Name: auth_permission auth_permission_pkey; Type: CONSTRAINT; Schema: public; Owner: postgres
--

ALTER TABLE ONLY public.auth_permission
    ADD CONSTRAINT auth_permission_pkey PRIMARY KEY (id);


--
-- Name: django_admin_log django_admin_log_pkey; Type: CONSTRAINT; Schema: public; Owner: postgres
--

ALTER TABLE ONLY public.django_admin_log
    ADD CONSTRAINT django_admin_log_pkey PRIMARY KEY (id);


--
-- Name: django_celery_beat_clockedschedule django_celery_beat_clockedschedule_pkey; Type: CONSTRAINT; Schema: public; Owner: postgres
--

ALTER TABLE ONLY public.django_celery_beat_clockedschedule
    ADD CONSTRAINT django_celery_beat_clockedschedule_pkey PRIMARY KEY (id);


--
-- Name: django_celery_beat_crontabschedule django_celery_beat_crontabschedule_pkey; Type: CONSTRAINT; Schema: public; Owner: postgres
--

ALTER TABLE ONLY public.django_celery_beat_crontabschedule
    ADD CONSTRAINT django_celery_beat_crontabschedule_pkey PRIMARY KEY (id);


--
-- Name: django_celery_beat_intervalschedule django_celery_beat_intervalschedule_pkey; Type: CONSTRAINT; Schema: public; Owner: postgres
--

ALTER TABLE ONLY public.django_celery_beat_intervalschedule
    ADD CONSTRAINT django_celery_beat_intervalschedule_pkey PRIMARY KEY (id);


--
-- Name: django_celery_beat_periodictask django_celery_beat_periodictask_name_key; Type: CONSTRAINT; Schema: public; Owner: postgres
--

ALTER TABLE ONLY public.django_celery_beat_periodictask
    ADD CONSTRAINT django_celery_beat_periodictask_name_key UNIQUE (name);


--
-- Name: django_celery_beat_periodictask django_celery_beat_periodictask_pkey; Type: CONSTRAINT; Schema: public; Owner: postgres
--

ALTER TABLE ONLY public.django_celery_beat_periodictask
    ADD CONSTRAINT django_celery_beat_periodictask_pkey PRIMARY KEY (id);


--
-- Name: django_celery_beat_periodictasks django_celery_beat_periodictasks_pkey; Type: CONSTRAINT; Schema: public; Owner: postgres
--

ALTER TABLE ONLY public.django_celery_beat_periodictasks
    ADD CONSTRAINT django_celery_beat_periodictasks_pkey PRIMARY KEY (ident);


--
-- Name: django_celery_beat_solarschedule django_celery_beat_solar_event_latitude_longitude_ba64999a_uniq; Type: CONSTRAINT; Schema: public; Owner: postgres
--

ALTER TABLE ONLY public.django_celery_beat_solarschedule
    ADD CONSTRAINT django_celery_beat_solar_event_latitude_longitude_ba64999a_uniq UNIQUE (event, latitude, longitude);


--
-- Name: django_celery_beat_solarschedule django_celery_beat_solarschedule_pkey; Type: CONSTRAINT; Schema: public; Owner: postgres
--

ALTER TABLE ONLY public.django_celery_beat_solarschedule
    ADD CONSTRAINT django_celery_beat_solarschedule_pkey PRIMARY KEY (id);


--
-- Name: django_content_type django_content_type_app_label_model_76bd3d3b_uniq; Type: CONSTRAINT; Schema: public; Owner: postgres
--

ALTER TABLE ONLY public.django_content_type
    ADD CONSTRAINT django_content_type_app_label_model_76bd3d3b_uniq UNIQUE (app_label, model);


--
-- Name: django_content_type django_content_type_pkey; Type: CONSTRAINT; Schema: public; Owner: postgres
--

ALTER TABLE ONLY public.django_content_type
    ADD CONSTRAINT django_content_type_pkey PRIMARY KEY (id);


--
-- Name: django_migrations django_migrations_pkey; Type: CONSTRAINT; Schema: public; Owner: postgres
--

ALTER TABLE ONLY public.django_migrations
    ADD CONSTRAINT django_migrations_pkey PRIMARY KEY (id);


--
-- Name: django_session django_session_pkey; Type: CONSTRAINT; Schema: public; Owner: postgres
--

ALTER TABLE ONLY public.django_session
    ADD CONSTRAINT django_session_pkey PRIMARY KEY (session_key);


--
-- Name: profiles_patientprofile profiles_patientprofile_pkey; Type: CONSTRAINT; Schema: public; Owner: postgres
--

ALTER TABLE ONLY public.profiles_patientprofile
    ADD CONSTRAINT profiles_patientprofile_pkey PRIMARY KEY (id);


--
-- Name: profiles_patientprofile profiles_patientprofile_user_id_key; Type: CONSTRAINT; Schema: public; Owner: postgres
--

ALTER TABLE ONLY public.profiles_patientprofile
    ADD CONSTRAINT profiles_patientprofile_user_id_key UNIQUE (user_id);


--
-- Name: profiles_psychologicalissue profiles_psychologicalissue_name_key; Type: CONSTRAINT; Schema: public; Owner: postgres
--

ALTER TABLE ONLY public.profiles_psychologicalissue
    ADD CONSTRAINT profiles_psychologicalissue_name_key UNIQUE (name);


--
-- Name: profiles_psychologicalissue profiles_psychologicalissue_pkey; Type: CONSTRAINT; Schema: public; Owner: postgres
--

ALTER TABLE ONLY public.profiles_psychologicalissue
    ADD CONSTRAINT profiles_psychologicalissue_pkey PRIMARY KEY (id);


--
-- Name: profiles_therapistprofile_specialties profiles_therapistprofil_therapistprofile_id_psyc_ddb1be7d_uniq; Type: CONSTRAINT; Schema: public; Owner: postgres
--

ALTER TABLE ONLY public.profiles_therapistprofile_specialties
    ADD CONSTRAINT profiles_therapistprofil_therapistprofile_id_psyc_ddb1be7d_uniq UNIQUE (therapistprofile_id, psychologicalissue_id);


--
-- Name: profiles_therapistprofile profiles_therapistprofile_pkey; Type: CONSTRAINT; Schema: public; Owner: postgres
--

ALTER TABLE ONLY public.profiles_therapistprofile
    ADD CONSTRAINT profiles_therapistprofile_pkey PRIMARY KEY (id);


--
-- Name: profiles_therapistprofile_specialties profiles_therapistprofile_specialties_pkey; Type: CONSTRAINT; Schema: public; Owner: postgres
--

ALTER TABLE ONLY public.profiles_therapistprofile_specialties
    ADD CONSTRAINT profiles_therapistprofile_specialties_pkey PRIMARY KEY (id);


--
-- Name: profiles_therapistprofile profiles_therapistprofile_user_id_key; Type: CONSTRAINT; Schema: public; Owner: postgres
--

ALTER TABLE ONLY public.profiles_therapistprofile
    ADD CONSTRAINT profiles_therapistprofile_user_id_key UNIQUE (user_id);


--
-- Name: therapy_appointment therapy_appointment_pkey; Type: CONSTRAINT; Schema: public; Owner: postgres
--

ALTER TABLE ONLY public.therapy_appointment
    ADD CONSTRAINT therapy_appointment_pkey PRIMARY KEY (id);


--
-- Name: therapy_availability therapy_availability_pkey; Type: CONSTRAINT; Schema: public; Owner: postgres
--

ALTER TABLE ONLY public.therapy_availability
    ADD CONSTRAINT therapy_availability_pkey PRIMARY KEY (id);


--
-- Name: therapy_availability therapy_availability_therapist_id_date_start__a7983f24_uniq; Type: CONSTRAINT; Schema: public; Owner: postgres
--

ALTER TABLE ONLY public.therapy_availability
    ADD CONSTRAINT therapy_availability_therapist_id_date_start__a7983f24_uniq UNIQUE (therapist_id, date, start_time, end_time);


--
-- Name: therapy_therapypanel therapy_therapypanel_pkey; Type: CONSTRAINT; Schema: public; Owner: postgres
--

ALTER TABLE ONLY public.therapy_therapypanel
    ADD CONSTRAINT therapy_therapypanel_pkey PRIMARY KEY (id);


--
-- Name: token_blacklist_blacklistedtoken token_blacklist_blacklistedtoken_pkey; Type: CONSTRAINT; Schema: public; Owner: postgres
--

ALTER TABLE ONLY public.token_blacklist_blacklistedtoken
    ADD CONSTRAINT token_blacklist_blacklistedtoken_pkey PRIMARY KEY (id);


--
-- Name: token_blacklist_blacklistedtoken token_blacklist_blacklistedtoken_token_id_key; Type: CONSTRAINT; Schema: public; Owner: postgres
--

ALTER TABLE ONLY public.token_blacklist_blacklistedtoken
    ADD CONSTRAINT token_blacklist_blacklistedtoken_token_id_key UNIQUE (token_id);


--
-- Name: token_blacklist_outstandingtoken token_blacklist_outstandingtoken_jti_hex_d9bdf6f7_uniq; Type: CONSTRAINT; Schema: public; Owner: postgres
--

ALTER TABLE ONLY public.token_blacklist_outstandingtoken
    ADD CONSTRAINT token_blacklist_outstandingtoken_jti_hex_d9bdf6f7_uniq UNIQUE (jti);


--
-- Name: token_blacklist_outstandingtoken token_blacklist_outstandingtoken_pkey; Type: CONSTRAINT; Schema: public; Owner: postgres
--

ALTER TABLE ONLY public.token_blacklist_outstandingtoken
    ADD CONSTRAINT token_blacklist_outstandingtoken_pkey PRIMARY KEY (id);


--
-- Name: accounts_user_email_b2644a56_like; Type: INDEX; Schema: public; Owner: postgres
--

CREATE INDEX accounts_user_email_b2644a56_like ON public.accounts_user USING btree (email varchar_pattern_ops);


--
-- Name: accounts_user_groups_group_id_bd11a704; Type: INDEX; Schema: public; Owner: postgres
--

CREATE INDEX accounts_user_groups_group_id_bd11a704 ON public.accounts_user_groups USING btree (group_id);


--
-- Name: accounts_user_groups_user_id_52b62117; Type: INDEX; Schema: public; Owner: postgres
--

CREATE INDEX accounts_user_groups_user_id_52b62117 ON public.accounts_user_groups USING btree (user_id);


--
-- Name: accounts_user_mobile_number_8aaac2fe_like; Type: INDEX; Schema: public; Owner: postgres
--

CREATE INDEX accounts_user_mobile_number_8aaac2fe_like ON public.accounts_user USING btree (mobile_number varchar_pattern_ops);


--
-- Name: accounts_user_user_permissions_permission_id_113bb443; Type: INDEX; Schema: public; Owner: postgres
--

CREATE INDEX accounts_user_user_permissions_permission_id_113bb443 ON public.accounts_user_user_permissions USING btree (permission_id);


--
-- Name: accounts_user_user_permissions_user_id_e4f0a161; Type: INDEX; Schema: public; Owner: postgres
--

CREATE INDEX accounts_user_user_permissions_user_id_e4f0a161 ON public.accounts_user_user_permissions USING btree (user_id);


--
-- Name: accounts_user_username_6088629e_like; Type: INDEX; Schema: public; Owner: postgres
--

CREATE INDEX accounts_user_username_6088629e_like ON public.accounts_user USING btree (username varchar_pattern_ops);


--
-- Name: auth_group_name_a6ea08ec_like; Type: INDEX; Schema: public; Owner: postgres
--

CREATE INDEX auth_group_name_a6ea08ec_like ON public.auth_group USING btree (name varchar_pattern_ops);


--
-- Name: auth_group_permissions_group_id_b120cbf9; Type: INDEX; Schema: public; Owner: postgres
--

CREATE INDEX auth_group_permissions_group_id_b120cbf9 ON public.auth_group_permissions USING btree (group_id);


--
-- Name: auth_group_permissions_permission_id_84c5c92e; Type: INDEX; Schema: public; Owner: postgres
--

CREATE INDEX auth_group_permissions_permission_id_84c5c92e ON public.auth_group_permissions USING btree (permission_id);


--
-- Name: auth_permission_content_type_id_2f476e4b; Type: INDEX; Schema: public; Owner: postgres
--

CREATE INDEX auth_permission_content_type_id_2f476e4b ON public.auth_permission USING btree (content_type_id);


--
-- Name: django_admin_log_content_type_id_c4bce8eb; Type: INDEX; Schema: public; Owner: postgres
--

CREATE INDEX django_admin_log_content_type_id_c4bce8eb ON public.django_admin_log USING btree (content_type_id);


--
-- Name: django_admin_log_user_id_c564eba6; Type: INDEX; Schema: public; Owner: postgres
--

CREATE INDEX django_admin_log_user_id_c564eba6 ON public.django_admin_log USING btree (user_id);


--
-- Name: django_celery_beat_periodictask_clocked_id_47a69f82; Type: INDEX; Schema: public; Owner: postgres
--

CREATE INDEX django_celery_beat_periodictask_clocked_id_47a69f82 ON public.django_celery_beat_periodictask USING btree (clocked_id);


--
-- Name: django_celery_beat_periodictask_crontab_id_d3cba168; Type: INDEX; Schema: public; Owner: postgres
--

CREATE INDEX django_celery_beat_periodictask_crontab_id_d3cba168 ON public.django_celery_beat_periodictask USING btree (crontab_id);


--
-- Name: django_celery_beat_periodictask_interval_id_a8ca27da; Type: INDEX; Schema: public; Owner: postgres
--

CREATE INDEX django_celery_beat_periodictask_interval_id_a8ca27da ON public.django_celery_beat_periodictask USING btree (interval_id);


--
-- Name: django_celery_beat_periodictask_name_265a36b7_like; Type: INDEX; Schema: public; Owner: postgres
--

CREATE INDEX django_celery_beat_periodictask_name_265a36b7_like ON public.django_celery_beat_periodictask USING btree (name varchar_pattern_ops);


--
-- Name: django_celery_beat_periodictask_solar_id_a87ce72c; Type: INDEX; Schema: public; Owner: postgres
--

CREATE INDEX django_celery_beat_periodictask_solar_id_a87ce72c ON public.django_celery_beat_periodictask USING btree (solar_id);


--
-- Name: django_session_expire_date_a5c62663; Type: INDEX; Schema: public; Owner: postgres
--

CREATE INDEX django_session_expire_date_a5c62663 ON public.django_session USING btree (expire_date);


--
-- Name: django_session_session_key_c0390e0f_like; Type: INDEX; Schema: public; Owner: postgres
--

CREATE INDEX django_session_session_key_c0390e0f_like ON public.django_session USING btree (session_key varchar_pattern_ops);


--
-- Name: profiles_psychologicalissue_name_ddc739c5_like; Type: INDEX; Schema: public; Owner: postgres
--

CREATE INDEX profiles_psychologicalissue_name_ddc739c5_like ON public.profiles_psychologicalissue USING btree (name varchar_pattern_ops);


--
-- Name: profiles_therapistprofile__psychologicalissue_id_dd966d5e; Type: INDEX; Schema: public; Owner: postgres
--

CREATE INDEX profiles_therapistprofile__psychologicalissue_id_dd966d5e ON public.profiles_therapistprofile_specialties USING btree (psychologicalissue_id);


--
-- Name: profiles_therapistprofile__therapistprofile_id_90240223; Type: INDEX; Schema: public; Owner: postgres
--

CREATE INDEX profiles_therapistprofile__therapistprofile_id_90240223 ON public.profiles_therapistprofile_specialties USING btree (therapistprofile_id);


--
-- Name: therapy_appointment_canceled_by_id_c1458461; Type: INDEX; Schema: public; Owner: postgres
--

CREATE INDEX therapy_appointment_canceled_by_id_c1458461 ON public.therapy_appointment USING btree (canceled_by_id);


--
-- Name: therapy_appointment_panel_id_3d189145; Type: INDEX; Schema: public; Owner: postgres
--

CREATE INDEX therapy_appointment_panel_id_3d189145 ON public.therapy_appointment USING btree (panel_id);


--
-- Name: therapy_appointment_rescheduled_from_id_685fe68a; Type: INDEX; Schema: public; Owner: postgres
--

CREATE INDEX therapy_appointment_rescheduled_from_id_685fe68a ON public.therapy_appointment USING btree (rescheduled_from_id);


--
-- Name: therapy_availability_therapist_id_2a955ea5; Type: INDEX; Schema: public; Owner: postgres
--

CREATE INDEX therapy_availability_therapist_id_2a955ea5 ON public.therapy_availability USING btree (therapist_id);


--
-- Name: therapy_therapypanel_issue_id_0a12e894; Type: INDEX; Schema: public; Owner: postgres
--

CREATE INDEX therapy_therapypanel_issue_id_0a12e894 ON public.therapy_therapypanel USING btree (issue_id);


--
-- Name: therapy_therapypanel_patient_id_b847c315; Type: INDEX; Schema: public; Owner: postgres
--

CREATE INDEX therapy_therapypanel_patient_id_b847c315 ON public.therapy_therapypanel USING btree (patient_id);


--
-- Name: therapy_therapypanel_therapist_id_2f992f2d; Type: INDEX; Schema: public; Owner: postgres
--

CREATE INDEX therapy_therapypanel_therapist_id_2f992f2d ON public.therapy_therapypanel USING btree (therapist_id);


--
-- Name: token_blacklist_outstandingtoken_jti_hex_d9bdf6f7_like; Type: INDEX; Schema: public; Owner: postgres
--

CREATE INDEX token_blacklist_outstandingtoken_jti_hex_d9bdf6f7_like ON public.token_blacklist_outstandingtoken USING btree (jti varchar_pattern_ops);


--
-- Name: token_blacklist_outstandingtoken_user_id_83bc629a; Type: INDEX; Schema: public; Owner: postgres
--

CREATE INDEX token_blacklist_outstandingtoken_user_id_83bc629a ON public.token_blacklist_outstandingtoken USING btree (user_id);


--
-- Name: accounts_user_groups accounts_user_groups_group_id_bd11a704_fk_auth_group_id; Type: FK CONSTRAINT; Schema: public; Owner: postgres
--

ALTER TABLE ONLY public.accounts_user_groups
    ADD CONSTRAINT accounts_user_groups_group_id_bd11a704_fk_auth_group_id FOREIGN KEY (group_id) REFERENCES public.auth_group(id) DEFERRABLE INITIALLY DEFERRED;


--
-- Name: accounts_user_groups accounts_user_groups_user_id_52b62117_fk_accounts_user_id; Type: FK CONSTRAINT; Schema: public; Owner: postgres
--

ALTER TABLE ONLY public.accounts_user_groups
    ADD CONSTRAINT accounts_user_groups_user_id_52b62117_fk_accounts_user_id FOREIGN KEY (user_id) REFERENCES public.accounts_user(id) DEFERRABLE INITIALLY DEFERRED;


--
-- Name: accounts_user_user_permissions accounts_user_user_p_permission_id_113bb443_fk_auth_perm; Type: FK CONSTRAINT; Schema: public; Owner: postgres
--

ALTER TABLE ONLY public.accounts_user_user_permissions
    ADD CONSTRAINT accounts_user_user_p_permission_id_113bb443_fk_auth_perm FOREIGN KEY (permission_id) REFERENCES public.auth_permission(id) DEFERRABLE INITIALLY DEFERRED;


--
-- Name: accounts_user_user_permissions accounts_user_user_p_user_id_e4f0a161_fk_accounts_; Type: FK CONSTRAINT; Schema: public; Owner: postgres
--

ALTER TABLE ONLY public.accounts_user_user_permissions
    ADD CONSTRAINT accounts_user_user_p_user_id_e4f0a161_fk_accounts_ FOREIGN KEY (user_id) REFERENCES public.accounts_user(id) DEFERRABLE INITIALLY DEFERRED;


--
-- Name: auth_group_permissions auth_group_permissio_permission_id_84c5c92e_fk_auth_perm; Type: FK CONSTRAINT; Schema: public; Owner: postgres
--

ALTER TABLE ONLY public.auth_group_permissions
    ADD CONSTRAINT auth_group_permissio_permission_id_84c5c92e_fk_auth_perm FOREIGN KEY (permission_id) REFERENCES public.auth_permission(id) DEFERRABLE INITIALLY DEFERRED;


--
-- Name: auth_group_permissions auth_group_permissions_group_id_b120cbf9_fk_auth_group_id; Type: FK CONSTRAINT; Schema: public; Owner: postgres
--

ALTER TABLE ONLY public.auth_group_permissions
    ADD CONSTRAINT auth_group_permissions_group_id_b120cbf9_fk_auth_group_id FOREIGN KEY (group_id) REFERENCES public.auth_group(id) DEFERRABLE INITIALLY DEFERRED;


--
-- Name: auth_permission auth_permission_content_type_id_2f476e4b_fk_django_co; Type: FK CONSTRAINT; Schema: public; Owner: postgres
--

ALTER TABLE ONLY public.auth_permission
    ADD CONSTRAINT auth_permission_content_type_id_2f476e4b_fk_django_co FOREIGN KEY (content_type_id) REFERENCES public.django_content_type(id) DEFERRABLE INITIALLY DEFERRED;


--
-- Name: django_admin_log django_admin_log_content_type_id_c4bce8eb_fk_django_co; Type: FK CONSTRAINT; Schema: public; Owner: postgres
--

ALTER TABLE ONLY public.django_admin_log
    ADD CONSTRAINT django_admin_log_content_type_id_c4bce8eb_fk_django_co FOREIGN KEY (content_type_id) REFERENCES public.django_content_type(id) DEFERRABLE INITIALLY DEFERRED;


--
-- Name: django_admin_log django_admin_log_user_id_c564eba6_fk_accounts_user_id; Type: FK CONSTRAINT; Schema: public; Owner: postgres
--

ALTER TABLE ONLY public.django_admin_log
    ADD CONSTRAINT django_admin_log_user_id_c564eba6_fk_accounts_user_id FOREIGN KEY (user_id) REFERENCES public.accounts_user(id) DEFERRABLE INITIALLY DEFERRED;


--
-- Name: django_celery_beat_periodictask django_celery_beat_p_clocked_id_47a69f82_fk_django_ce; Type: FK CONSTRAINT; Schema: public; Owner: postgres
--

ALTER TABLE ONLY public.django_celery_beat_periodictask
    ADD CONSTRAINT django_celery_beat_p_clocked_id_47a69f82_fk_django_ce FOREIGN KEY (clocked_id) REFERENCES public.django_celery_beat_clockedschedule(id) DEFERRABLE INITIALLY DEFERRED;


--
-- Name: django_celery_beat_periodictask django_celery_beat_p_crontab_id_d3cba168_fk_django_ce; Type: FK CONSTRAINT; Schema: public; Owner: postgres
--

ALTER TABLE ONLY public.django_celery_beat_periodictask
    ADD CONSTRAINT django_celery_beat_p_crontab_id_d3cba168_fk_django_ce FOREIGN KEY (crontab_id) REFERENCES public.django_celery_beat_crontabschedule(id) DEFERRABLE INITIALLY DEFERRED;


--
-- Name: django_celery_beat_periodictask django_celery_beat_p_interval_id_a8ca27da_fk_django_ce; Type: FK CONSTRAINT; Schema: public; Owner: postgres
--

ALTER TABLE ONLY public.django_celery_beat_periodictask
    ADD CONSTRAINT django_celery_beat_p_interval_id_a8ca27da_fk_django_ce FOREIGN KEY (interval_id) REFERENCES public.django_celery_beat_intervalschedule(id) DEFERRABLE INITIALLY DEFERRED;


--
-- Name: django_celery_beat_periodictask django_celery_beat_p_solar_id_a87ce72c_fk_django_ce; Type: FK CONSTRAINT; Schema: public; Owner: postgres
--

ALTER TABLE ONLY public.django_celery_beat_periodictask
    ADD CONSTRAINT django_celery_beat_p_solar_id_a87ce72c_fk_django_ce FOREIGN KEY (solar_id) REFERENCES public.django_celery_beat_solarschedule(id) DEFERRABLE INITIALLY DEFERRED;


--
-- Name: profiles_patientprofile profiles_patientprofile_user_id_7eb8f3b8_fk_accounts_user_id; Type: FK CONSTRAINT; Schema: public; Owner: postgres
--

ALTER TABLE ONLY public.profiles_patientprofile
    ADD CONSTRAINT profiles_patientprofile_user_id_7eb8f3b8_fk_accounts_user_id FOREIGN KEY (user_id) REFERENCES public.accounts_user(id) DEFERRABLE INITIALLY DEFERRED;


--
-- Name: profiles_therapistprofile_specialties profiles_therapistpr_psychologicalissue_i_dd966d5e_fk_profiles_; Type: FK CONSTRAINT; Schema: public; Owner: postgres
--

ALTER TABLE ONLY public.profiles_therapistprofile_specialties
    ADD CONSTRAINT profiles_therapistpr_psychologicalissue_i_dd966d5e_fk_profiles_ FOREIGN KEY (psychologicalissue_id) REFERENCES public.profiles_psychologicalissue(id) DEFERRABLE INITIALLY DEFERRED;


--
-- Name: profiles_therapistprofile_specialties profiles_therapistpr_therapistprofile_id_90240223_fk_profiles_; Type: FK CONSTRAINT; Schema: public; Owner: postgres
--

ALTER TABLE ONLY public.profiles_therapistprofile_specialties
    ADD CONSTRAINT profiles_therapistpr_therapistprofile_id_90240223_fk_profiles_ FOREIGN KEY (therapistprofile_id) REFERENCES public.profiles_therapistprofile(id) DEFERRABLE INITIALLY DEFERRED;


--
-- Name: profiles_therapistprofile profiles_therapistprofile_user_id_c5fbec0f_fk_accounts_user_id; Type: FK CONSTRAINT; Schema: public; Owner: postgres
--

ALTER TABLE ONLY public.profiles_therapistprofile
    ADD CONSTRAINT profiles_therapistprofile_user_id_c5fbec0f_fk_accounts_user_id FOREIGN KEY (user_id) REFERENCES public.accounts_user(id) DEFERRABLE INITIALLY DEFERRED;


--
-- Name: therapy_appointment therapy_appointment_canceled_by_id_c1458461_fk_accounts_user_id; Type: FK CONSTRAINT; Schema: public; Owner: postgres
--

ALTER TABLE ONLY public.therapy_appointment
    ADD CONSTRAINT therapy_appointment_canceled_by_id_c1458461_fk_accounts_user_id FOREIGN KEY (canceled_by_id) REFERENCES public.accounts_user(id) DEFERRABLE INITIALLY DEFERRED;


--
-- Name: therapy_appointment therapy_appointment_panel_id_3d189145_fk_therapy_t; Type: FK CONSTRAINT; Schema: public; Owner: postgres
--

ALTER TABLE ONLY public.therapy_appointment
    ADD CONSTRAINT therapy_appointment_panel_id_3d189145_fk_therapy_t FOREIGN KEY (panel_id) REFERENCES public.therapy_therapypanel(id) DEFERRABLE INITIALLY DEFERRED;


--
-- Name: therapy_appointment therapy_appointment_rescheduled_from_id_685fe68a_fk_therapy_a; Type: FK CONSTRAINT; Schema: public; Owner: postgres
--

ALTER TABLE ONLY public.therapy_appointment
    ADD CONSTRAINT therapy_appointment_rescheduled_from_id_685fe68a_fk_therapy_a FOREIGN KEY (rescheduled_from_id) REFERENCES public.therapy_appointment(id) DEFERRABLE INITIALLY DEFERRED;


--
-- Name: therapy_availability therapy_availability_therapist_id_2a955ea5_fk_profiles_; Type: FK CONSTRAINT; Schema: public; Owner: postgres
--

ALTER TABLE ONLY public.therapy_availability
    ADD CONSTRAINT therapy_availability_therapist_id_2a955ea5_fk_profiles_ FOREIGN KEY (therapist_id) REFERENCES public.profiles_therapistprofile(id) DEFERRABLE INITIALLY DEFERRED;


--
-- Name: therapy_therapypanel therapy_therapypanel_issue_id_0a12e894_fk_profiles_; Type: FK CONSTRAINT; Schema: public; Owner: postgres
--

ALTER TABLE ONLY public.therapy_therapypanel
    ADD CONSTRAINT therapy_therapypanel_issue_id_0a12e894_fk_profiles_ FOREIGN KEY (issue_id) REFERENCES public.profiles_psychologicalissue(id) DEFERRABLE INITIALLY DEFERRED;


--
-- Name: therapy_therapypanel therapy_therapypanel_patient_id_b847c315_fk_profiles_; Type: FK CONSTRAINT; Schema: public; Owner: postgres
--

ALTER TABLE ONLY public.therapy_therapypanel
    ADD CONSTRAINT therapy_therapypanel_patient_id_b847c315_fk_profiles_ FOREIGN KEY (patient_id) REFERENCES public.profiles_patientprofile(id) DEFERRABLE INITIALLY DEFERRED;


--
-- Name: therapy_therapypanel therapy_therapypanel_therapist_id_2f992f2d_fk_profiles_; Type: FK CONSTRAINT; Schema: public; Owner: postgres
--

ALTER TABLE ONLY public.therapy_therapypanel
    ADD CONSTRAINT therapy_therapypanel_therapist_id_2f992f2d_fk_profiles_ FOREIGN KEY (therapist_id) REFERENCES public.profiles_therapistprofile(id) DEFERRABLE INITIALLY DEFERRED;


--
-- Name: token_blacklist_blacklistedtoken token_blacklist_blacklistedtoken_token_id_3cc7fe56_fk; Type: FK CONSTRAINT; Schema: public; Owner: postgres
--

ALTER TABLE ONLY public.token_blacklist_blacklistedtoken
    ADD CONSTRAINT token_blacklist_blacklistedtoken_token_id_3cc7fe56_fk FOREIGN KEY (token_id) REFERENCES public.token_blacklist_outstandingtoken(id) DEFERRABLE INITIALLY DEFERRED;


--
-- Name: token_blacklist_outstandingtoken token_blacklist_outs_user_id_83bc629a_fk_accounts_; Type: FK CONSTRAINT; Schema: public; Owner: postgres
--

ALTER TABLE ONLY public.token_blacklist_outstandingtoken
    ADD CONSTRAINT token_blacklist_outs_user_id_83bc629a_fk_accounts_ FOREIGN KEY (user_id) REFERENCES public.accounts_user(id) DEFERRABLE INITIALLY DEFERRED;


--
-- PostgreSQL database dump complete
--

